directorName,directorId
Howard Deutch,1
John Lasseter,2
Joe Johnston,3
Forest Whitaker,4
Charles Shyer,5
Michael Mann,6
Sydney Pollack,7
Peter Hyams,8
Peter Hewitt,9
Martin Campbell,10
Rob Reiner,11
Mel Brooks,12
Simon Wells,13
Oliver Stone,14
Renny Harlin,15
Ang Lee,16
Martin Scorsese,17
Allison Anders,18
Steve Oedekerk,19
Joseph Ruben,20
Jon Amiel,21
Barry Sonnenfeld,22
Richard Donner,23
Mike Figgis,24
Victor Salva,25
Oliver Parker,26
Lesli Linka Glatter,27
Marc Caro,28
Roger Michell,29
Yimou Zhang,30
John N. Smith,31
Terry Gilliam,32
Chris Noonan,33
Tim Robbins,34
Amy Heckerling,35
Andy Tennant,36
Darrell Roodt,37
Richard Loncraine,38
Albert Hughes,39
Michael Hoffman,40
Gus Van Sant,41
Paul W.S. Anderson,42
Jocelyn Moorhouse,43
David Fincher,44
Mike Gabriel,45
Patricia Rozema,46
Bryan Singer,47
Gianni Amelio,48
Woody Allen,49
Holly Goldberg Sloan,50
Ulu Grosbard,51
Jodie Foster,52
Frank Oz,53
Michael Radford,54
John Schlesinger,55
Stephen Herek,56
Paris Barclay,57
Bill Bennett,58
Jason Bloom,59
Josiane Balasko,60
Farhad Mann,61
F. Gary Gray,62
Robert Rodriguez,63
Andrew Sipes,64
Noah Baumbach,65
Michael Goldenberg,66
Claude Lelouch,67
Christian Duguay,68
Steve Miner,69
Susanne Ofteringer,70
Sean Penn,71
Brian Gibson,72
Jafar Panahi,73
Gary Fleder,74
Tim Reid,75
Marleen Gorris,76
Ridley Scott,77
Philip Haas,78
Ken Kwapis,79
Penelope Spheeris,80
Stephen Frears,81
John Badham,82
Ted Demme,83
Wes Craven,84
John Woo,85
Mathieu Kassovitz,86
Kenneth Branagh,87
Nick Broomfield,88
Harold Becker,89
Wes Anderson,90
Nick Castle,91
John Dahl,92
Dennis Dugan,93
Doris Dörrie,94
Clint Eastwood,95
Brian Henson,96
Robert Leacock,97
Mel Gibson,98
Barbet Schroeder,99
Stanley Tong,100
Jon Blair,101
Benjamin Ross,102
Eric Schaeffer,103
Andrew Davis,104
Reginald Hudlin,105
David O. Russell,106
Wong Kar-Wai,107
Peter MacDonald,108
Bryan Gordon,109
William Friedkin,110
Michel Negroponte,111
Dirk Shafer,112
David S. Ward,113
Jon Avnet,114
Edward Burns,115
Mike Nichols,116
Michael Bay,117
Christopher Cain,118
Scott Kalvert,119
Mike Newell,120
Hal Hartley,121
Ron Howard,122
Michael Caton-Jones,123
Joel Schumacher,124
Abel Ferrara,125
Luis Buñuel,126
John Boorman,127
Paul Auster,128
Michael Moore,129
Spike Lee,130
Brad Silberling,131
Frank Marshall,132
Terry Zwigoff,133
Tony Scott,134
John McTiernan,135
Carl Franklin,136
Gregg Araki,137
Jerry Zucker,138
Iain Softley,139
Dwight H. Little,140
Christopher Ashley,141
Robert Longo,142
Danny Cannon,143
John Fortenberry,144
Tom DiCillo,145
Larry Clark,146
Denys Arcand,147
Clive Barker,148
Antonia Bird,149
Bryan Spicer,150
Kevin Smith,151
Anthony Waller,152
Michael Almereyda,153
Irwin Winkler,154
Chris Columbus,155
Daisy von Scherler Mayer,156
Gregory Widen,157
Norman René,158
Roland Joffé,159
Todd Haynes,160
Paul Verhoeven,161
Wayne Wang,162
Lasse Hallström,163
Roger Donaldson,164
Kathryn Bigelow,165
Jacques Demy,166
Martha Coolidge,167
Agnieszka Holland,168
Beeban Kidron,169
Geoff Murphy,170
Diane Keaton,171
Douglas Keeve,172
Alfonso Arau,173
Kevin Reynolds,174
Walter Hill,175
Desmond Nakano,176
Greg Beeman,177
Milcho Manchevski,178
Nikita Mikhalkov,179
Tamra Davis,180
Richard Linklater,181
Guy Ferland,182
Herbert Ross,183
Peter Horton,184
Stuart Gordon,185
Pat O'Connor,186
Barry Levinson,187
Jeremy Leven,188
Jack Baran,189
Roman Polanski,190
Taylor Hackford,191
Peter Farrelly,192
Atom Egoyan,193
Garry Marshall,194
Tim Burton,195
Billy Crystal,196
Lawrence Kasdan,197
Phillip Borsos,198
Kevin Lima,199
Brett Leonard,200
Carlo Carlei,201
Gérard Corbiau,202
Mark Lewis,203
Steve James,204
Peter Jackson,205
Randall Miller,206
Bernard Rose,207
Steven Brill,208
J.F. Lawton,209
Fred Schepisi,210
Neil Jordan,211
James Ivory,212
James Melkonian,213
Ivan Reitman,214
Michael Gottlieb,215
Arne Glimcher,216
George Lucas,217
Gillian Armstrong,218
Alfonso Cuarón,219
Ken Loach,220
Edward Zwick,221
Glenn Gordon Caron,222
Stephen Gyllenhaal,223
Nicholas Hytner,224
James Orr,225
Nora Ephron,226
Richard Benjamin,227
Les Mayfield,228
David Frankel,229
Gregory Nava,230
Robert Benton,231
Marc Rocco,232
Michael Apted,233
Nick Gomez,234
Tôru Murakawa,235
Vadim Jean,236
Alan Jacobs,237
Norman Jewison,238
Lee Tamahori,239
Anne Goursaud,240
Wolfgang Petersen,241
Luc Besson,242
Mira Nair,243
Joshua Brand,244
Quentin Tarantino,245
Kayo Hatta,246
Robert Redford,247
Peter Yates,248
Patrice Chéreau,249
Sam Raimi,250
Robert Altman,251
Krzysztof Kieslowski,252
Fred Gerber,253
George Mihalka,254
Richard Rich,255
Harold Ramis,256
John Sayles,257
Luis Llosa,258
Roland Emmerich,259
John Pasquin,260
Frank Darabont,261
Danny Boyle,262
Scott McGehee,263
Tomás Gutiérrez Alea,264
George Huang,265
Geoff Burton,266
Kelly Makin,267
Rachel Talalay,268
Ernest R. Dickerson,269
David Carson,270
Rusty Cundieff,271
Brian Gilbert,272
John Carpenter,273
Peter Segal,274
Louis Malle,275
Preston A. Whitmore II,276
Steven Soderbergh,277
Jon Turteltaub,278
Melanie Mayron,279
P.J. Hogan,280
Mina Shum,281
Stephan Elliott,282
Tom Shadyac,283
Phillip Noyce,284
Jessie Nelson,285
Alex Proyas,286
Ron Shelton,287
Brian Levant,288
Robert Zemeckis,289
John Singleton,290
Darnell Martin,291
Andrew Bergman,292
Stephen Sommers,293
Ray Müller,294
Roger Allers,295
Bernardo Bertolucci,296
Chuck Russell,297
Alan Rudolph,298
Ben Stiller,299
Donald Petrie,300
Curtis Hanson,301
Jan de Bont,302
Ron Underwood,303
Luis Mandoki,304
James Cameron,305
Damian Harris,306
Suri Krishnamma,307
Keenen Ivory Wayans,308
Jefery Levy,309
Robert Lee King,310
Yves Angelo,311
Russ Meyer,312
Doug McHenry,313
Steven E. de Souza,314
Andrew Morahan,315
Michael Corrente,316
John G. Avildsen,317
Jeff Pollack,318
Michael Lehmann,319
Paul Michael Glaser,320
Jonathan Kaplan,321
Whit Stillman,322
Bill Forsyth,323
John Landis,324
Caroline Thompson,325
Stephen Hopkins,326
Tony Richardson,327
Jennifer Lynch,328
Robert De Niro,329
John Whitesell,330
Adam Resnick,331
Brian De Palma,332
Paul Weiland,333
Mick Jackson,334
Steve Barron,335
Richard Rush,336
Michael Ritchie,337
Gregg Champion,338
Marco Brambilla,339
Carl Reiner,340
Kaige Chen,341
Peter Weir,342
Alek Keshishian,343
Steve Kloves,344
John Irvin,345
Simon Wincer,346
Boaz Yakin,347
Rose Troche,348
Jim Abrahams,349
Julianna Lavin,350
Christopher Monger,351
Bille August,352
Eric Meza,353
Joel Coen,354
James L. Brooks,355
Daniel Petrie Jr.,356
Jim Sheridan,357
Matty Rich,358
Steven Spielberg,359
Dominic Sena,360
Roger Avary,361
Daniel Petrie,362
James Lapine,363
David Cronenberg,364
Stuart Baird,365
Nagisa Ôshima,366
Tom Noonan,367
Anthony Minghella,368
Mike Leigh,369
Sally Potter,370
Jonathan Demme,371
Jane Campion,372
Stuart Orme,373
Mel Smith,374
Penny Marshall,375
Philip Kaufman,376
Alan Parker,377
Fred Dekker,378
Peter Medak,379
Geoffrey Wright,380
David Anspaugh,381
Victor Nunez,382
Cyril Collard,383
Steven Zaillian,384
Russell Mulcahy,385
John Waters,386
Richard Attenborough,387
Gillies MacKinnon,388
John Duigan,389
Steve Rash,390
Thomas Schlamme,391
Annabel Jankel,392
Rowdy Herrington,393
Deran Sarafian,394
François Girard,395
Andrew Fleming,396
Henry Selick,397
George P. Cosmatos,398
Chris Hegedus,399
Pixote Hunt,400
Todd Solondz,401
Claude Berri,402
Dennis Hopper,403
Pedro Almodóvar,404
Gurinder Chadha,405
Andrew Scheinman,406
Lina Wertmüller,407
George Miller,408
Ricky Tognazzi,409
Michael Austin,410
Rob Epstein,411
Betty Thomas,412
Nanni Moretti,413
Ron Clements,414
Kevin Costner,415
Gary Trousdale,416
Norman Ferguson,417
William Cottrell,418
C.M. Talkington,419
Sam Peckinpah,420
Jean Bach,421
Bill Condon,422
David R. Ellis,423
Gerald Potterton,424
Kevin Yagher,425
Matt Reeves,426
Franco Zeffirelli,427
Franco Brusati,428
Wolfgang Reitherman,429
Fernando Trueba,430
Bill Couturié,431
Martin Lawrence,432
Stacy Title,433
Gregory Hoblit,434
Larry Leker,435
Hal Salwen,436
Jonathan R. Betuel,437
Richard Pearce,438
Todd Verow,439
Jonathan Lynn,440
Tim Sullivan,441
Jeremiah S. Chechik,442
Claude Sautet,443
Friðrik Þór Friðriksson,444
Pen Densham,445
Rob Cohen,446
James Foley,447
Emir Kusturica,448
Satyajit Ray,449
Alan Mehrez,450
Joe Pytka,451
Jim Mallon,452
Roger Vadim,453
George Hickenlooper,454
Jean-Luc Godard,455
Randal Kleiser,456
Norberto Barba,457
Robert Mandel,458
Pat Verducci,459
Zalman King,460
Steven Baigelman,461
Patrick Read Johnson,462
Stacy Cochran,463
Steve Gomer,464
Jean-Claude Van Damme,465
George Scribner,466
Alan Shapiro,467
Tom DeCerchio,468
Jim Jarmusch,469
Jean-Paul Rappeneau,470
Jean-Marie Poiré,471
Nick Park,472
Brett Thompson,473
Bruce Beresford,474
Phil Joanou,475
Michele Soavi,476
Mamoru Oshii,477
David Hogan,478
Tom Holland,479
Rick Friedberg,480
David Twohy,481
Stanley Kubrick,482
Freida Lee Mock,483
Joseph Vilsmaier,484
James Mangold,485
Mary Harron,486
Djibril Diop Mambéty,487
Francis Ford Coppola,488
Federico Fellini,489
Scott Winant,490
Bobby Farrelly,491
Lucian Pintilie,492
Alexandre Rockwell,493
Yale Strom,494
Bronwen Hughes,495
Nicole Holofcener,496
Fraser C. Heston,497
Kevin Hooks,498
Howard Franklin,499
Arlene Sanford,500
Éric Rohmer,501
Peter Sehr,502
John Payson,503
Hugh Wilson,504
Annette Haywood-Carter,505
Hart Bochner,506
Danny DeVito,507
Tim Pope,508
Douglas McGrath,509
Georges Franju,510
Harry Winer,511
Gilbert Adler,512
Lee David Zlotoff,513
Julian Schnabel,514
Lana Wachowski,515
Arthur Hiller,516
Izidore K. Musallam,517
David Mickey Evans,518
John Frankenheimer,519
David Koepp,520
Roy Allen Smith,521
Joe Chappelle,522
Theo van Gogh,523
Trevor Nunn,524
Keith Gordon,525
André Téchiné,526
Sam Wood,527
George Cukor,528
Stanley Donen,529
Vincente Minnelli,530
Alfred Hitchcock,531
Blake Edwards,532
Frank Capra,533
Mark Sandrich,534
Billy Wilder,535
Michael Curtiz,536
John Huston,537
Walter Lang,538
William Wyler,539
Victor Fleming,540
Orson Welles,541
Joseph L. Mankiewicz,542
Leo McCarey,543
Ernst Lubitsch,544
Rouben Mamoulian,545
Otto Preminger,546
Gregory La Cava,547
George Stevens,548
Elia Kazan,549
W.S. Van Dyke,550
Michael Anderson,551
Howard Hawks,552
John Cromwell,553
Henry Koster,554
George A. Romero,555
Richard Brooks,556
Thaddeus O'Sullivan,557
Frank Borzage,558
Joshua Logan,559
Carroll Ballard,560
Richard Schenkman,561
Lance Young,562
Ringo Lam,563
Matthew Broderick,564
Campbell Scott,565
John Herzfeld,566
John Gray,567
Robert Lieberman,568
Norman Tokar,569
Norman Foster,570
John Hough,571
Robert Stevenson,572
David Swift,573
Duwayne Dunham,574
Charles Barton,575
Ken Annakin,576
Richard Fleischer,577
William Dear,578
Clyde Geronimi,579
Samuel Armstrong,580
Don Chaffey,581
Ted Berman,582
Matthew Bright,583
Robert Wise,584
Christopher Hampton,585
Tom Hanks,586
Michael Pressman,587
Hettie Macdonald,588
Al Pacino,589
Steve Buscemi,590
John McNaughton,591
Michael Winterbottom,592
Baz Luhrmann,593
Doug Liman,594
Tad Stones,595
Edward Dmytryk,596
Mel Stuart,597
Jack Clayton,598
Charles Crichton,599
Terry Jones,600
Arthur Penn,601
John Sturges,602
Emile Ardolino,603
Ted Kotcheff,604
Alan J. Pakula,605
Edwin L. Marin,606
Nicholas Ray,607
Greg Spence,608
Erik Burke,609
Claude Nuridsany,610
Alan Taylor,611
Benoît Jacquot,612
Jaco Van Dormael,613
Peter Cohn,614
Milos Forman,615
Rich Wilkes,616
R.J. Cutler,617
Mark Rydell,618
Ate de Jong,619
Joe Dante,620
Howard Zieff,621
Rick Castro,622
Michael Ray Rhodes,623
Susan Warms Dryfoos,624
Leon Gast,625
Vittorio De Sica,626
Jan Svankmajer,627
Daniel Vigne,628
Volker Schlöndorff,629
Martine Dugowson,630
Phillip Rhee,631
Giuseppe Tornatore,632
Peter Greenaway,633
Peter Chelsom,634
Gabriele Salvatores,635
Errol Morris,636
Jennie Livingston,637
Lou Adler,638
Irvin Kershner,639
Sergio Leone,640
Bruce Robinson,641
Sidney Lumet,642
David Lean,643
Robert Mulligan,644
Richard Marquand,645
Wim Wenders,646
Carol Reed,647
Akira Kurosawa,648
John Ford,649
Andrei Tarkovsky,650
George Roy Hill,651
Hal Ashby,652
Ingmar Bergman,653
Tom Stoppard,654
Savage Steve Holland,655
Fritz Lang,656
Michael Cimino,657
Jean-Jacques Beineix,658
Allan Moyle,659
Franklin J. Schaffner,660
Katsuhiro Ôtomo,661
Stuart Rosenberg,662
Charles Chaplin,663
James Algar,664
Fred Zinnemann,665
Jeannot Szwarc,666
Godfrey Reggio,667
Fred M. Wilcox,668
Phil Alden Robinson,669
Doug Pray,670
Susan Streitfeld,671
Carl Prechezer,672
Tony Randel,673
Steve White,674
John Murlowski,675
Damiano Damiani,676
Tom Berry,677
Fred Walton,678
Paul Morrissey,679
Jeffrey Bloom,680
Irvin S. Yeaworth Jr.,681
Eric Red,682
James Whale,683
Dan Curtis,684
J. Lee Thompson,685
Paul Schrader,686
F.W. Murnau,687
Augusto Caminito,688
Bob Rafelson,689
Kevin Spacey,690
Barbra Streisand,691
Lars von Trier,692
Ole Bornedal,693
Jonathan Frakes,694
Scott Hicks,695
Billy Bob Thornton,696
Joe Berlinger,697
Patrice Leconte,698
Nicholas Meyer,699
William Shatner,700
Leonard Nimoy,701
Patricia Birch,702
Joe Alves,703
Alexander Payne,704
Cameron Crowe,705
Anjelica Huston,706
Jerry Zaks,707
Geoffrey Johnson,708
Claude Chabrol,709
Terry George,710
Dan Ireland,711
Albert Brooks,712
Nicolas Roeg,713
Ralph Ziman,714
Robert Young,715
Robert Butler,716
Michael Rymer,717
Roger Christian,718
Thomas Carter,719
Andrew Birkin,720
Peter Baldwin,721
E. Max Frye,722
Jan Sverák,723
Vondie Curtis-Hall,724
Christopher Guest,725
Paul Miller,726
Bob Spiers,727
David Lynch,728
Stephen Kessler,729
Theodore Witcher,730
Greg Mottola,731
Mark Dindal,732
Robert Townsend,733
Emma-Kate Croghan,734
Shuki Levy,735
Hark Tsui,736
George Armitage,737
Lynne Stopkewich,738
Tom Schulman,739
David Mirkin,740
Jay Roach,741
Peter Duncan,742
Jonathan Mostow,743
Gregor Nicholas,744
Jean-Pierre Dardenne,745
Masayuki Suô,746
Griffin Dunne,747
Mark Herman,748
Jacques Doillon,749
Dale Rosenbloom,750
Clare Peploe,751
Simon West,752
Jim Wilson,753
Cédric Klapisch,754
Shirley Barrett,755
John Milius,756
Sam Weisman,757
Mark A.Z. Dippé,758
Charles Martin Smith,759
Neil LaBute,760
Kenneth Johnson,761
Nick Cassavetes,762
Bill Duke,763
Andy Cadiff,764
Brett Ratner,765
Guillermo del Toro,766
John Nicolella,767
Tony Vitale,768
Miguel Arteta,769
Mimi Leder,770
Jean-Jacques Annaud,771
George Tillman Jr.,772
Robert Kurtzman,773
Félix Enríquez Alcalá,774
Mark Joffe,775
Peter Cattaneo,776
Nancy Meckler,777
John Madden,778
Jim Gillespie,779
Stuart Gillard,780
Andy Wilson,781
Mark Waters,782
Andrew Niccol,783
Charles Sturridge,784
Morgan J. Freeman,785
Kasi Lemmons,786
Jeb Stuart,787
Jim Kouf,788
Costa-Gavras,789
Jonas Pate,790
Paul Thomas Anderson,791
Peter Howitt,792
Alex Zamm,793
John R. Leonetti,794
Billy Hopkins,795
Don Bluth,796
Jean-Pierre Jeunet,797
Robert Duvall,798
Agnès Merlet,799
Sean Mathias,800
Raja Gosnell,801
Gore Verbinski,802
Rodney Gibbons,803
Roger Spottiswoode,804
Alain Berliner,805
Sean McNamara,806
Mikael Salomon,807
Stefan Schwartz,808
Bruno Barreto,809
Charlie Peters,810
Antoine Fuqua,811
Mark Pavia,812
Frank Coraci,813
Richard Kwietniowski,814
David Breashears,815
Peter O'Fallon,816
Jonathan Darby,817
Randall Wallace,818
John Roberts,819
Takeshi Kitano,820
M. Night Shyamalan,821
James Toback,822
Ice Cube,823
David Mamet,824
Jake Kasdan,825
Todd Holland,826
Sammo Kam-Bo Hung,827
Abbas Kiarostami,828
Mike van Diem,829
John Warren,830
Kirk Wong,831
Carl Schenkel,832
Tim McCanlies,833
Jill Sprecher,834
Frederik Du Chau,835
Warren Beatty,836
Don Roos,837
Erik Skjoldbjærg,838
Scott Reynolds,839
Caroline Link,840
Harry Elfont,841
Lisa Cholodenko,842
Majid Majidi,843
Tiffanie DeBartolo,844
Tony Bancroft,845
Rob Bowman,846
Paddy Breathnach,847
Chris Eyre,848
Vincent Gallo,849
Darren Aronofsky,850
Susan Skoog,851
Edward D. Wood Jr.,852
Harry Beaumont,853
Lewis Milestone,854
Wesley Ruggles,855
Frank Lloyd,856
Edmund Goulding,857
Robert Z. Leonard,858
William Dieterle,859
Laurence Olivier,860
Robert Rossen,861
Delbert Mann,862
Jerome Robbins,863
Hugh Hudson,864
Alex Cox,865
John Hughes,866
Jack Sholder,867
Jim Henson,868
Sean S. Cunningham,869
Joseph Zito,870
Danny Steinmann,871
Tom McLoughlin,872
John Carl Buechler,873
Rob Hedden,874
Tommy Lee Wallace,875
Rick Rosenthal,876
Paul Lynch,877
Dominique Othenin-Girard,878
Clay Borris,879
John Lafia,880
Jack Bender,881
Tobe Hooper,882
Gary Sherman,883
William Peter Blatty,884
Theresa Connelly,885
Michael Oblowitz,886
Ronald Neame,887
Gary Nelson,888
Vincent McEveety,889
Jack Donohue,890
Michael Tolkin,891
Adrian Lyne,892
David Nutter,893
Rupert Wainwright,894
Charles Jarrott,895
Steven Hilliard Stern,896
Kenny Ortega,897
Fletcher Markle,898
David Zucker,899
Nancy Meyers,900
Jacques Tourneur,901
Peter Masterson,902
Liliana Cavani,903
István Szabó,904
Jeremy Kagan,905
Hendel Butoy,906
John Lounsbery,907
Toby Shelton,908
Walter Murch,909
Les Clark,910
Ub Iwerks,911
Harve Foster,912
Tim Hunter,913
Steven Lisberger,914
Ralph Bakshi,915
Stephen King,916
Lewis Teague,917
Fritz Kiersch,918
Jerry Lewis,919
Charles Nichols,920
Martin Rosen,921
Phil Nibbelink,922
Michael Chapman,923
Ethan Wiley,924
Jamie Uys,925
Richard Martin,926
Kevin Rodney Sullivan,927
Tamara Jenkins,928
Pupi Avati,929
John De Bello,930
Peter George,931
Stephen Norrington,932
Alan Cohn,933
Pat Proft,934
Brad Anderson,935
Sarah Kernochan,936
Henry Jaglom,937
Mark Christopher,938
Bob Saget,939
Vincenzo Natali,940
Mark Steven Johnson,941
Tony Bill,942
Lewis John Carlino,943
Tamar Simon Hoffs,944
Charles Band,945
Jerry Schatzberg,946
Emilio Estevez,947
Carl Schultz,948
Dan Aykroyd,949
Terry Hughes,950
David Veloz,951
Lance Mungia,952
Jamie Blanks,953
David Dobkin,954
Piers Haggard,955
Gordon Douglas,956
Eric Darnell,957
Stanley Tucci,958
Vincent Ward,959
John Pieplow,960
John Maybury,961
Randa Haines,962
Ronny Yu,963
Gary Ross,964
Bennett Miller,965
Roberto Benigni,966
Trey Parker,967
John Harrison,968
Tony Kaye,969
Richard LaGravenese,970
S.R. Bindler,971
Hype Williams,972
Shekhar Kapur,973
Martin Brest,974
Bruce McDonald,975
Andrei Konchalovsky,976
Bryan Forbes,977
James D. Parriott,978
Igor Kovalyov,979
Walter Salles,980
Predrag Antonijevic,981
Kirk Jones,982
Thomas Vinterberg,983
Ishirô Honda,984
Kôji Hashimoto,985
Merian C. Cooper,986
John Guillermin,987
Susan Seidelman,988
John Glen,989
Jerry Paris,990
Jim Drake,991
Alan Myerson,992
Peter Bonerz,993
Dean Parisot,994
Ferzan Özpetek,995
Peter Berg,996
Troy Miller,997
Brenda Chapman,998
George Seaton,999
John D. Hancock,1000
Sylvester Stallone,1001
Jack Fisk,1002
Alan Metter,1003
Robert M. Young,1004
Terrence Malick,1005
Ernest B. Schoedsack,1006
Anthony Drazan,1007
Anand Tucker,1008
Willard Carroll,1009
Brian Robbins,1010
John Bruno,1011
Willard Huyck,1012
Tibor Takács,1013
Chris Walas,1014
Kurt Neumann,1015
Mark L. Lester,1016
Kim Henkel,1017
Peter Faiman,1018
John Cornell,1019
Jeff Kanew,1020
Álex de la Iglesia,1021
Michael Powell,1022
Robert Iscove,1023
Brian Helgeland,1024
Myles Berkowitz,1025
Mark Tarlov,1026
René Laloux,1027
James Moll,1028
Darren Stein,1029
Mike Judge,1030
Samira Makhmalbaf,1031
Risa Bramon Garcia,1032
Shôhei Imamura,1033
Mary Lambert,1034
David Price,1035
James D.R. Hickox,1036
Jerry Jameson,1037
Jack Smight,1038
James Goldstone,1039
Michael Crichton,1040
Ted Post,1041
Don Taylor,1042
Corey Allen,1043
Irwin Allen,1044
Mark Robson,1045
Matthew Diamond,1046
Roger Kumble,1047
Guy Ritchie,1048
Katt Shea,1049
Chris Roberts,1050
Bob Balaban,1051
Wolf Rilla,1052
Bob Clark,1053
Anton Leader,1054
Gaspar Noé,1055
Marshall Herskovitz,1056
Maurice Joyce,1057
Scott Silver,1058
Tony Goldwyn,1059
Gil Junger,1060
Carlos Saura,1061
Philip Saville,1062
Erick Zonca,1063
Christopher Nolan,1064
Julio Medem,1065
George Haas,1066
Alejandro Amenábar,1067
James Merendino,1068
Rodman Flender,1069
Simon Shore,1070
Tian-Ming Wu,1071
Thom Eberhardt,1072
Jim Wynorski,1073
Rob Sitch,1074
David Raynr,1075
Paul Quinn,1076
Hirokazu Koreeda,1077
Daniel Lee,1078
Peter Ho-Sun Chan,1079
Wojciech Has,1080
Karl Freund,1081
Terence Fisher,1082
Frank Perry,1083
Richard Lester,1084
Tod Browning,1085
Sidney J. Furie,1086
Roy William Neill,1087
Philippe Mora,1088
George Waggner,1089
Jack Arnold,1090
Malcolm Leo,1091
Jim Sharman,1092
Christian Nyby,1093
Byron Haskin,1094
Don Siegel,1095
Fred F. Sears,1096
Josef Rusnak,1097
Robert Meyer Burnett,1098
Chris Buck,1099
Tom Tykwer,1100
Roger Nygard,1101
Rowan Woods,1102
Francis Veber,1103
Udayan Prasad,1104
John Tatoulis,1105
Paul Weitz,1106
Mark Pellington,1107
Tim Hill,1108
Daniel Myrick,1109
Michael Patrick Jann,1110
David Kellogg,1111
Kinka Usher,1112
Michael Polish,1113
François Truffaut,1114
Peter R. Hunt,1115
Gene Saks,1116
Stephen Carpenter,1117
Bertrand Blier,1118
Jerrold Freedman,1119
Roger Corman,1120
Jeffrey Delman,1121
Graeme Clifford,1122
Brad Bird,1123
Paul McGuigan,1124
Tod Williams,1125
James Gray,1126
Adam Rifkin,1127
Anne Wheeler,1128
Ana Kokkinos,1129
Gene Wilder,1130
Ian MacNaughton,1131
Graham Baker,1132
Ken Finkleman,1133
Masami Hata,1134
Robert Towne,1135
Kevin Williamson,1136
Mic Rodgers,1137
Satoshi Kon,1138
Chuck Workman,1139
Bill Colleran,1140
Nanette Burstein,1141
Rand Ravich,1142
Hugh Johnson,1143
Ziad Doueiri,1144
Hampton Fancher,1145
Masanori Hata,1146
William Castle,1147
George Dunning,1148
Sam Mendes,1149
Tinto Brass,1150
George Abbott,1151
Ken Russell,1152
Tom DeSimone,1153
Jackie Chan,1154
Peter Kassovitz,1155
Bruce McCulloch,1156
Gary Halvorson,1157
Audrey Wells,1158
John Schultz,1159
Kevin Alyn Elders,1160
Mark Illsley,1161
Jake Scott,1162
Catherine Breillat,1163
Dave Fleischer,1164
Richard Franklin,1165
Don Coscarelli,1166
Anthony Perkins,1167
Kimberly Peirce,1168
Paul Brickman,1169
Yuen Woo-Ping,1170
John Byrum,1171
Preston Sturges,1172
Henry Hathaway,1173
Charles Vidor,1174
Régis Wargnier,1175
Robert Aldrich,1176
Guy Hamilton,1177
Terence Young,1178
David Evans,1179
Harmony Korine,1180
Robert Marcarelli,1181
Mervyn LeRoy,1182
Werner Herzog,1183
Bob Fosse,1184
Louis Morneau,1185
Malcolm D. Lee,1186
Antonio Banderas,1187
Michael Cristofer,1188
Damon Santostefano,1189
Bruce Brown,1190
George Pavlou,1191
William Malone,1192
Spike Jonze,1193
Hayao Miyazaki,1194
Radu Mihaileanu,1195
Gary Sinyor,1196
Chris Smith,1197
Don McKellar,1198
Brian Yuzna,1199
Oz Scott,1200
Michael Gornick,1201
Clyde Bruckman,1202
Bruce Malmuth,1203
Bob Logan,1204
Boris Sagal,1205
Ken Wiederhorn,1206
George Mendeluk,1207
Maria Maggenti,1208
Kunihiko Yuyama,1209
Richard Shepard,1210
Daniel Pyne,1211
Kurt Voss,1212
W.D. Richter,1213
Ramón Menéndez,1214
Gus Meins,1215
Martin Ritt,1216
Tom Moore,1217
Marshall Neilan,1218
Jean Renoir,1219
Steven Kampmann,1220
Jack Nicholson,1221
Mike Mitchell,1222
Peter Bogdanovich,1223
Tim Roth,1224
Nathan Juran,1225
Rob Minkoff,1226
Martha Fiennes,1227
Matthew Warchus,1228
James B. Harris,1229
Steve Carr,1230
Julie Taymor,1231
Jay Russell,1232
Santosh Sivan,1233
Gene Quintano,1234
Kevin Altieri,1235
William A. Wellman,1236
Hiroshi Teshigahara,1237
Kris Isacsson,1238
Art Linson,1239
Kevin Allen,1240
Khyentse Norbu,1241
Stephen Surjik,1242
Fran Rubel Kuzui,1243
Rémy Belvaux,1244
Gary Sinise,1245
Eric Blakeney,1246
Troy Duffy,1247
John Cassavetes,1248
Susan Muska,1249
Anthony Harvey,1250
Chris Koch,1251
Jun Falkenstein,1252
James Clavell,1253
Ben Younger,1254
Jasmin Dizdar,1255
Steven Okazaki,1256
H. Bruce Humberstone,1257
Michael Miller,1258
Pontus Löwenhielm,1259
Barry W. Blaustein,1260
George Bowers,1261
Al Reinert,1262
Winston Hibler,1263
Herschell Gordon Lewis,1264
Aileen Ritchie,1265
Julie Dash,1266
Stanley Kramer,1267
Joseph Sargent,1268
Paul Flaherty,1269
Jim Goddard,1270
James Frawley,1271
Bill Norton,1272
Jean Negulesco,1273
Roy Ward Baker,1274
Raoul Walsh,1275
Christina Andreef,1276
James Wong,1277
Henry King,1278
Robert Siodmak,1279
Michael Winner,1280
Allan A. Goldstein,1281
Newt Arnold,1282
Sidney Franklin,1283
Andrzej Bartkowiak,1284
Mark Piznarski,1285
Mark Hanlon,1286
Peter Brook,1287
Alain Tanner,1288
Luis Valdez,1289
David Seltzer,1290
Bibo Bergeron,1291
George Fitzmaurice,1292
Bruce Joel Rubin,1293
Bonnie Hunt,1294
Pip Karmel,1295
Richard Quine,1296
Steve Gordon,1297
Neal Israel,1298
Jon Jost,1299
Edward Norton,1300
Marek Kanievska,1301
Damien O'Donnell,1302
Julien Temple,1303
Bobcat Goldthwait,1304
Morton DaCosta,1305
Davis Guggenheim,1306
Gina Prince-Bythewood,1307
Sofia Coppola,1308
Bharat Nalluri,1309
Matt Williams,1310
John Swanbeck,1311
Kevin Jordan,1312
Adam Simon,1313
Jonathan Winfrey,1314
Jim McBride,1315
Justin Kerrigan,1316
Dario Argento,1317
Martin Davidson,1318
Stan Dragoti,1319
Peter M. Cohen,1320
Scott Alexander,1321
George Sidney,1322
Barbara Sonneborn,1323
Eric Leighton,1324
Todd Phillips,1325
Floyd Mutrux,1326
Tom Dey,1327
Jon Reiss,1328
Herk Harvey,1329
David Miller,1330
Lewis Gilbert,1331
Agnès Varda,1332
Edward Ludwig,1333
Val Guest,1334
Lucio Fulci,1335
Marco Ferreri,1336
David Allen,1337
David Schmoeller,1338
David DeCoteau,1339
Jeff Burr,1340
Jerry London,1341
Joe Camp,1342
Ron Fricke,1343
James Komack,1344
Richard W. Haines,1345
Noel Black,1346
Michael Herz,1347
Mick Garris,1348
Craig R. Baxley,1349
Gordon Parks,1350
Ivan Passer,1351
James Bridges,1352
Sergei Eisenstein,1353
Alison Maclean,1354
Peter Lord,1355
José Luis Cuerda,1356
Des McAnuff,1357
Lance Hool,1358
Aaron Norris,1359
Gordon Hessler,1360
George Jackson,1361
Mike Hodges,1362
Yang Zhang,1363
Jamie Babbit,1364
Michelangelo Antonioni,1365
Greg Harrison,1366
King Vidor,1367
Jeremy Podeswa,1368
Sam Wanamaker,1369
Luis Puenzo,1370
Jûzô Itami,1371
Joan Chen,1372
David McNally,1373
Nigel Cole,1374
Mario Bava,1375
Joseph Green,1376
Brian G. Hutton,1377
Stan Winston,1378
Robert Hiltzik,1379
Don Edmonds,1380
James Signorelli,1381
Lionel Coleman,1382
Jenniphr Goodman,1383
Frédéric Fonteyne,1384
Fenton Bailey,1385
Gerard Stembridge,1386
Tarsem Singh,1387
Takao Okawara,1388
Elliot Silverstein,1389
Peyton Reed,1390
Michael Dinner,1391
Douglas Aarniokoski,1392
Benito Zambrano,1393
Joe Charbanic,1394
Christopher McQuarrie,1395
Rob Walker,1396
Bruce Paltrow,1397
Rob Schmidt,1398
John Ottman,1399
Fina Torres,1400
Sally Field,1401
Greg Berlanti,1402
Karyn Kusama,1403
Anthony Hickox,1404
William Asher,1405
Edward F. Cline,1406
Ray Kellogg,1407
Amy Holden Jones,1408
Deborah Brock,1409
Sally Mattison,1410
Carol Frank,1411
Bob Buchholz,1412
Stephen Kay,1413
Raymond De Felitta,1414
Rod Lurie,1415
Tom Laughlin,1416
Albert Band,1417
George Pal,1418
Charles Walters,1419
Edgar G. Ulmer,1420
Stephen Daldry,1421
Lang Elliott,1422
Chia-Liang Liu,1423
Uli Edel,1424
McG,1425
Antony Hoffman,1426
Kenneth Lonergan,1427
Kevin Macdonald,1428
Stig Bergqvist,1429
Courtney Solomon,1430
Nelson Shin,1431
Ed Harris,1432
Danny Leiner,1433
Terence Davies,1434
Patrick Lussier,1435
E. Elias Merhige,1436
John Wayne,1437
Ron Maxwell,1438
Fritz Böttger,1439
George Gallo,1440
Henry Bromell,1441
Jack Hill,1442
Francine McDougall,1443
Adam Shankman,1444
Dominik Moll,1445
Lyndall Hobbs,1446
John Flynn,1447
Cheech Marin,1448
Jerry Rees,1449
Steve De Jarnatt,1450
John R. Cherry III,1451
John Mackenzie,1452
Paul Newman,1453
Bob Giraldi,1454
Elaine May,1455
Rod Daniel,1456
Gary Goddard,1457
Charlie Loventhal,1458
Peter Werner,1459
Vic Sarin,1460
Cesc Gay,1461
Chris Weitz,1462
Chuck Sheetz,1463
Peter Askin,1464
Harry Sinclair,1465
Demian Lichtenstein,1466
Daniel Minahan,1467
Deborah Hoffmann,1468
Tommy O'Haver,1469
Bill Fishman,1470
Ralph Nelson,1471
Robert Fuest,1472
Sheldon Lettich,1473
Jimmy T. Murakami,1474
Richard A. Colla,1475
Joe Roth,1476
J.B. Rogers,1477
Gregory Poirier,1478
Alejandro G. Iñárritu,1479
David Shapiro,1480
Bill Eagles,1481
Richard Dutcher,1482
Dennie Gordon,1483
Sharon Maguire,1484
Andrew Dominik,1485
Tom Green,1486
Jordan Walker-Pearlman,1487
Harald Zwart,1488
François Ozon,1489
Leni Riefenstahl,1490
Frederick De Cordova,1491
Colin Higgins,1492
Roy Rowland,1493
Jules Dassin,1494
Andrew Adamson,1495
Amos Kollek,1496
Eric Valli,1497
Dale Launer,1498
Donald Wrye,1499
Edward Yang,1500
Luke Greenfield,1501
Thomas Bezucha,1502
Alan Cumming,1503
Jan Hrebejk,1504
Costa Botes,1505
Peter Markle,1506
John Stockwell,1507
Louis C.K.,1508
Adam Marcus,1509
Jonathan Glazer,1510
Raoul Peck,1511
Lawrence Guterman,1512
Chris Nahon,1513
Léa Pool,1514
Virginie Despentes,1515
Mario Monicelli,1516
Hal Needham,1517
Norman Taurog,1518
Lee Frost,1519
Douglas Sirk,1520
Alexander Mackendrick,1521
Elio Petri,1522
Wei Lo,1523
Robert Clouse,1524
Michael Schultz,1525
Bruce Lee,1526
Hironobu Sakaguchi,1527
Robert Luketic,1528
Roger Gnoan M'Bala,1529
Joel Hopkins,1530
Jon Favreau,1531
Don Kempf,1532
Mark Osborne,1533
George Casey,1534
Ernest Thompson,1535
Aki Kaurismäki,1536
Bud Yorkin,1537
Allan Arkush,1538
Bruno Nuytten,1539
Joan Micklin Silver,1540
Mark Goldblatt,1541
Buddy Van Horn,1542
Daniel Goldberg,1543
Bud S. Smith,1544
Frank LaLoggia,1545
Bob Swaim,1546
Paul Mazursky,1547
William Richert,1548
Percy Adlon,1549
Dan O'Bannon,1550
Geoff Burrowes,1551
George Sluizer,1552
Shin'ya Tsukamoto,1553
Yahoo Serious,1554
Sam Firstenberg,1555
Robert Radler,1556
Albert Pyun,1557
Gary David Goldberg,1558
Eddie Murphy,1559
Mark DiSalle,1560
Richard Greenberg,1561
Thomas J. Wright,1562
John Cameron Mitchell,1563
Silvio Soldini,1564
Kiyoshi Kurosawa,1565
Joel Hershman,1566
David Wain,1567
Paul Bartel,1568
Alejandro Jodorowsky,1569
Jay Levey,1570
Robert Klane,1571
Karel Reisz,1572
Frank Henenlotter,1573
Claire Denis,1574
Édouard Molinaro,1575
Steven M. Martin,1576
Julie Davis,1577
Blair Hayes,1578
Michael Tollin,1579
Ben Elton,1580
Lukas Moodysson,1581
Maria Ripoll,1582
Charles T. Kanganis,1583
Tim Blake Nelson,1584
Shin Sang-ok,1585
Robin Hardy,1586
Mark Brown,1587
Michael Cuesta,1588
Mark Jonathan Harris,1589
Daniel Sackheim,1590
Jacob Kornbluth,1591
Cory McAbee,1592
George Butler,1593
Sergio Corbucci,1594
Vladimir Menshov,1595
Anthony Page,1596
Franc Roddam,1597
Rudolph Maté,1598
Eric Hannah,1599
Lucrecia Martel,1600
Samuel Fuller,1601
Ulli Lommel,1602
Claude Pinoteau,1603
Nancy Walker,1604
Joel Oliansky,1605
Rob Pritts,1606
Christine Lahti,1607
Hirotsugu Kawasaki,1608
Dorian Walker,1609
Stephen Low,1610
Neal Slavin,1611
Jonathan Teplitzky,1612
Steve Beck,1613
Richard Kelly,1614
Robert Guédiguian,1615
Pete Docter,1616
David Atkins,1617
Brendan Malloy,1618
Todd Field,1619
Irving Rapper,1620
Robert Moore,1621
Dominique Deruddere,1622
Ib Melchior,1623
Steve Carver,1624
James Fargo,1625
Harry Hook,1626
Kevin Connor,1627
John Moore,1628
Scott J. Gill,1629
Patrick Stettner,1630
René Clair,1631
Danis Tanovic,1632
Josef von Sternberg,1633
Joel Gallen,1634
Mohsen Makhmalbaf,1635
Richard Eyre,1636
Ray Lawrence,1637
Christopher Morahan,1638
Jeff Bleckner,1639
Lamont Johnson,1640
Jesse Dylan,1641
John A. Davis,1642
Marc Forster,1643
Neal Jimenez,1644
Christophe Gans,1645
Tsai Ming-liang,1646
Matthew Robbins,1647
Lone Scherfig,1648
Douglas Trumbull,1649
Mike Binder,1650
Marlon Brando,1651
Kazuki Akane,1652
Xiaoshuai Wang,1653
Denis Villeneuve,1654
Rintarô,1655
Gary Burns,1656
Dewey Nicks,1657
Jez Butterworth,1658
Sturla Gunnarsson,1659
Shawn Levy,1660
Billy Morrissette,1661
Allan Dwan,1662
Daniel Stern,1663
Robin Budd,1664
Jay Chandrasekhar,1665
Michael Kalesniko,1666
Barry Skolnick,1667
Larry Fessenden,1668
Yoshiaki Kawajiri,1669
Bill Kroyer,1670
Kevin Bray,1671
Rafal Zielinski,1672
James L. Conway,1673
Barbara Peeters,1674
Alain Resnais,1675
Andrew V. McLaglen,1676
Eric Karson,1677
Gilbert Cates,1678
Chris Wedge,1679
Élie Chouraqui,1680
Charles Herman-Wurmfeld,1681
B.Z. Goldberg,1682
David Butler,1683
Jack Hazan,1684
Paul Glickler,1685
Jay Sandrich,1686
Robert Houston,1687
Dick Lowry,1688
Wallace Wolodarsky,1689
Sidney Poitier,1690
Pete Jones,1691
David Gordon Green,1692
John Lee Hancock,1693
Michael Haneke,1694
Laurent Cantet,1695
Walt Becker,1696
John McKay,1697
Jayne Loader,1698
Bill Paxton,1699
Michel Gondry,1700
Joel Zwick,1701
John Patrick Shanley,1702
Delmer Daves,1703
Roberto Rossellini,1704
Fabián Bielinsky,1705
Bart Freundlich,1706
James Isaac,1707
Stacy Peralta,1708
Christine Jeffs,1709
Jean-Pierre Melville,1710
D.J. Caruso,1711
Tom Mankiewicz,1712
Milton Katselas,1713
Bill Rebane,1714
Charles Haid,1715
Ed Decter,1716
Mikhail Kalatozov,1717
Henry Bean,1718
Kelly Asbury,1719
Roman Coppola,1720
David Hugh Jones,1721
Callie Khouri,1722
Finn Taylor,1723
Zacharias Kunuk,1724
Peter Care,1725
Carl Gottlieb,1726
Tommy Chong,1727
Anatole Litvak,1728
Daniel Attias,1729
Marshall Brickman,1730
Jesse Vaughan,1731
Dean DeBlois,1732
Tuck Tucker,1733
Anthony Abrams,1734
Tom Ropelewski,1735
Michael Lindsay-Hogg,1736
Sandra Goldbacher,1737
Craig McCracken,1738
John Stainton,1739
Shunji Iwai,1740
Yvan Attal,1741
Anthony Asquith,1742
Peter H. Hunt,1743
Ellory Elkayem,1744
Gary Winick,1745
Chris Ver Wiel,1746
Daniel Mann,1747
Perry Andelin Blake,1748
Gabriele Muccino,1749
Babak Payami,1750
Roy Andersson,1751
Sandra Nettelbeck,1752
Mark Romanek,1753
Arna Selznick,1754
Raja Amari,1755
Dale Schott,1756
Desmond Davis,1757
Robert D. Webb,1758
Rich Murray,1759
John Polson,1760
Tim Story,1761
Louis Leterrier,1762
Burr Steers,1763
Claude Miller,1764
Patrick Hasburgh,1765
Alan Alda,1766
Franco Amurri,1767
Michael Campus,1768
Clarence Brown,1769
Burt Kennedy,1770
Juan José Campanella,1771
Oliver Hirschbiegel,1772
Bob Dolman,1773
Wych Kaosayananda,1774
Steven Shainberg,1775
Eugene Jarecki,1776
Kevin Donovan,1777
Gérard Krawczyk,1778
Phil Vischer,1779
Paul Greengrass,1780
Anthony Russo,1781
Rick Moranis,1782
Arthur Lubin,1783
Rick Famuyiwa,1784
Brian Koppelman,1785
Peter Kosminsky,1786
Christian Charles,1787
Patricia Cardoso,1788
Hilary Birmingham,1789
Isao Takahata,1790
William Wiard,1791
Greydon Clark,1792
Alberto De Martino,1793
Steno,1794
John Alan Schwartz,1795
Bruce D. Clark,1796
Stanislaw Bareja,1797
Ken Shapiro,1798
Georges Lautner,1799
Jeff Tremaine,1800
Charles Stone III,1801
Dylan Kidd,1802
Michael Lembeck,1803
Paul Justman,1804
Carlos Carrera,1805
Paul Gross,1806
Steven Vidler,1807
Neil Marshall,1808
Melville Shavelson,1809
Yves Robert,1810
William A. Graham,1811
Massimo Troisi,1812
Gus Trikonis,1813
Rebecca Miller,1814
Marcus Raboy,1815
Seth Kearsley,1816
Robert Harmon,1817
Dan Hoskins,1818
Aleksey Balabanov,1819
Eldar Ryazanov,1820
Petter Næss,1821
Meir Zarchi,1822
Cy Endfield,1823
Franc. Reyes,1824
Kurt Wimmer,1825
Takashi Miike,1826
Juliusz Machulski,1827
Aaron Lipstadt,1828
Franco Castellano,1829
Les Blank,1830
Tom Brady,1831
Juan Carlos Fresnadillo,1832
Lynne Ramsay,1833
Wen Jiang,1834
Denzel Washington,1835
Marc Lawrence,1836
Joe Carnahan,1837
Ludwig Berger,1838
Just Jaeckin,1839
Thomas Michael Donnelly,1840
Menno Meyjes,1841
Rob Marshall,1842
Michael Coldewey,1843
Todd Louiso,1844
George Clooney,1845
C.B. Harding,1846
Fernando Meirelles,1847
Edward James Olmos,1848
Nancy Savoca,1849
Jonathan Wacks,1850
Julien Duvivier,1851
David Greenwalt,1852
Jonathan Liebesman,1853
André Heller,1854
Nico Mastorakis,1855
Perry Henzell,1856
Reggie Rock Bythewood,1857
Leon Ichaso,1858
Keith Fulton,1859
Lucky McKee,1860
Ryû Murakami,1861
Richard T. Heffron,1862
Jules Bass,1863
Paolo Taviani,1864
Chris Marker,1865
Joe Layton,1866
Pierre De Moro,1867
Elliott Hong,1868
Robert J. Rosenthal,1869
Steve Trenbirth,1870
Laetitia Colombani,1871
Robert Dalva,1872
Guy Green,1873
Michael Gordon,1874
Mars Callahan,1875
Susanne Bier,1876
Mark Moskowitz,1877
Dover Koshashvili,1878
Tae-gyun Kim,1879
Glen Morgan,1880
Jonas Åkerlund,1881
James Hill,1882
Anthony Mann,1883
Henry Levin,1884
Hideo Nakata,1885
Mort Nathan,1886
Francis Glebas,1887
Chris Rock,1888
Peter Sollett,1889
Shin'ichirô Watanabe,1890
Ed Solomon,1891
Justin Lin,1892
Rob Zombie,1893
Paul Hunter,1894
Linda Mendoza,1895
Jacques Perrin,1896
Anders Thomas Jensen,1897
Bert I. Gordon,1898
Sam Jones,1899
Henry Winkler,1900
Gérard Lauzier,1901
Jordan Melamed,1902
Daniel Algrant,1903
Jim Fall,1904
Jeffrey Blitz,1905
Karen Moncrieff,1906
John Malkovich,1907
Bahman Ghobadi,1908
Baltasar Kormákur,1909
Miles Swain,1910
Stan Lathan,1911
Joel Silberg,1912
Angela Christlieb,1913
Jim Malone,1914
AJ Schnack,1915
Emanuele Crialese,1916
Andrew Stanton,1917
Andrew Jarecki,1918
Niki Caro,1919
Jean-Xavier de Lestrade,1920
George Marshall,1921
Lionel Jeffries,1922
Dziga Vertov,1923
Robert J. Flaherty,1924
Derek Jarman,1925
Michael Steinberg,1926
Rainer Werner Fassbinder,1927
Johnnie To,1928
Clark L. Paylow,1929
Patrick Gilmore,1930
Aleksandr Rogozhkin,1931
Tim Fywell,1932
Clare Kilner,1933
Jordan Susman,1934
Matteo Garrone,1935
Larry Charles,1936
Todd Graff,1937
Gregor Jordan,1938
Fernando León de Aranoa,1939
Duncan Gibbins,1940
Gavin Grazer,1941
David Webb Peoples,1942
Peter Mullan,1943
Clark Johnson,1944
Shinsuke Satô,1945
Dana Brown,1946
Pier Paolo Pasolini,1947
Casey La Scala,1948
Stephen Chow,1949
Shari Springer Berman,1950
Jonathan Prince,1951
André De Toth,1952
Yasujirô Ozu,1953
Robert Hamer,1954
William Gazecki,1955
James Robinson,1956
Jonathan Moore,1957
Luchino Visconti,1958
Gordon Chan,1959
Vladimír Michálek,1960
Efram Potelle,1961
Helen Stickler,1962
Deepa Mehta,1963
Shane Meadows,1964
Eli Roth,1965
Greg Pritikin,1966
Bruce A. Evans,1967
Gene Kelly,1968
Howard Storm,1969
Jeff Lieberman,1970
Len Wiseman,1971
Eric Till,1972
Émile Gaudreault,1973
Nicolas Philibert,1974
Isabel Coixet,1975
Sylvain Chomet,1976
Stephanie Black,1977
Ashutosh Gowariker,1978
Hector Babenco,1979
Gilles Mimouni,1980
Gabriel Axel,1981
Richard Tuggle,1982
Elem Klimov,1983
Adam Bernstein,1984
John Fawcett,1985
Luigi Cozzi,1986
Ron Casden,1987
Michael Karbelnikoff,1988
James Cox,1989
Tom McCarthy,1990
José Padilha,1991
Uwe Boll,1992
Marcus Nispel,1993
Peter Hedges,1994
Takashi Yamazaki,1995
Peter Collinson,1996
Aaron Blaise,1997
Bob Gale,1998
Danny Pang,1999
Alfred E. Green,2000
Sidney Lanfield,2001
Billy Ray,2002
Kim Bartley,2003
Philip Boston,2004
Rolf Schübel,2005
Richard Curtis,2006
Nathaniel Kahn,2007
Lauren Lazin,2008
Steve Anderson,2009
Bo Welch,2010
Lucy Walker,2011
Scott Hamilton Kennedy,2012
Alexandra Pelosi,2013
Alberto Cavalcanti,2014
Carl Theodor Dreyer,2015
René Clément,2016
Jack Conway,2017
Robert Wiene,2018
Fred Niblo,2019
Michael Lessac,2020
Charles Laughton,2021
Menahem Golan,2022
Kinji Fukasaku,2023
Rodrigo García,2024
Thornton Freeland,2025
Clive Donner,2026
William A. Seiter,2027
Jean Cocteau,2028
D.W. Griffith,2029
Donald Crisp,2030
Melvin Frank,2031
Lloyd Bacon,2032
Marcel Camus,2033
Norman Z. McLeod,2034
Thomas Riedelsheimer,2035
Henri-Georges Clouzot,2036
Mark Jones,2037
Hiroyuki Yamaga,2038
Philippe de Broca,2039
Ron Mann,2040
Tom Gilroy,2041
Wayne Kramer,2042
Bille Woodruff,2043
Jonathan Karsh,2044
Peter Webber,2045
Vadim Perelman,2046
Patty Jenkins,2047
Sue Brooks,2048
John Hamburg,2049
Joseph Kahn,2050
Siddiq Barmak,2051
Jacques Tati,2052
Louis J. Gasnier,2053
L.Q. Jones,2054
Andrzej Wajda,2055
Ken Hughes,2056
Chatrichalerm Yukol,2057
Eric Bress,2058
Chris Stokes,2059
C. Jay Cox,2060
Gavin O'Connor,2061
Lucas Belvaux,2062
Dale Resteghini,2063
Larry Blamire,2064
Catherine Hardwicke,2065
Bent Hamer,2066
Robert Bresson,2067
François Dupeyron,2068
Bruno Bozzetto,2069
Luis Estrada,2070
Charles S. Dutton,2071
Jeff Schaffer,2072
Sara Sugarman,2073
Wolfgang Becker,2074
Cliff Owen,2075
Lisa Gottlieb,2076
Nir Bergman,2077
Zack Snyder,2078
John Crowley,2079
Ethan Coen,2080
Matthew Ryan Hoge,2081
Cecil B. DeMille,2082
Alex Steyermark,2083
Liv Ullmann,2084
Tina Hirsch,2085
Jonathan Hensleigh,2086
Elliot Berlin,2087
Frank M. Calo,2088
Michael Burke,2089
Daniel Taplitz,2090
Herman Shumlin,2091
Nunnally Johnson,2092
Michael Davis,2093
Masaki Kobayashi,2094
Jan Kounen,2095
Donna Deitch,2096
Nancy Travis,2097
Michael Vejar,2098
Michael Reeves,2099
Ryûhei Kitamura,2100
Colin Firth,2101
Victor Heerman,2102
Tay Garnett,2103
Jérôme Boivin,2104
Anh Hung Tran,2105
Alec Guinness,2106
Marco Tullio Giordana,2107
Roko Belic,2108
Jesús Salvador Treviño,2109
Janet Greek,2110
David Byrne,2111
Richard Thorpe,2112
Edward Buzzell,2113
Alec Newman,2114
William Hurt,2115
Christian Zübert,2116
Corey Yuen,2117
S.S. Wilson,2118
Brent Maddock,2119
Lorene Machado,2120
John Gilling,2121
Ubaldo Ragona,2122
Jimmy Wang Yu,2123
Paul Wendkos,2124
Marc Singer,2125
D.A. Pennebaker,2126
Wai Keung Lau,2127
Kim Jee-woon,2128
Sam Green,2129
Chuck Jones,2130
Kim Ki-duk,2131
Pavel Chukhray,2132
Kang Je-kyu,2133
Lasse Spang Olsen,2134
Jean-François Pouliot,2135
John Putch,2136
Jack Pollexfen,2137
Bernard L. Kowalski,2138
Max Ophüls,2139
Kenji Kamiyama,2140
Lili Fini Zanuck,2141
Kenji Mizoguchi,2142
Tom Savini,2143
Roy Del Ruth,2144
Fred C. Newmeyer,2145
Alan Arkin,2146
Ellen Hovde,2147
Albert Magnoli,2148
James W. Horne,2149
William Keighley,2150
Jessy Terrero,2151
Mario Van Peebles,2152
Brian Dannelly,2153
Nickolas Perry,2154
Jared Hess,2155
Robert Shaye,2156
Lewis Allen,2157
Atsuko Fukushima,2158
Joseph M. Newman,2159
Bakhtyar Khudojnazarov,2160
Mitchell Leisen,2161
Harold S. Bucquet,2162
Morgan Spurlock,2163
Albert Lewin,2164
Brian Desmond Hurst,2165
Jun Fukuda,2166
Nicolas Winding Refn,2167
Rawson Marshall Thurber,2168
Shona Auerbach,2169
Will Vinton,2170
Laurent Firode,2171
Michael Spierig,2172
Martyn Burke,2173
Mark Achbar,2174
Stewart Raffill,2175
Jean Vigo,2176
Gérard Pirès,2177
John G. Blystone,2178
Shôgo Furuya,2179
H.C. Potter,2180
Freddie Francis,2181
Imogen Kimmel,2182
Adam McKay,2183
Mark Rosman,2184
Joshua Marston,2185
Michael Mayer,2186
Pitof,2187
Ford Beebe,2188
Ladislao Vajda,2189
Irving Reis,2190
Garson Kanin,2191
David L. Cunningham,2192
Richard Ray Perez,2193
Frank Tuttle,2194
Zach Braff,2195
Sung Soo Kim,2196
Nick Hurran,2197
Jeff Balsmeyer,2198
John Curran,2199
Bill Cosby,2200
Ping He,2201
Paul Abascal,2202
Alexander Witt,2203
Kerry Conran,2204
Edgar Wright,2205
Ruggero Deodato,2206
Shane Carruth,2207
Michael Clancy,2208
Bruce W. Smith,2209
Jonathan Caouette,2210
Omar Naim,2211
Takashi Shimizu,2212
Scott Smith,2213
James Wan,2214
Don Mancini,2215
Stephen Hillenburg,2216
Robert Stone,2217
Paul Feig,2218
David S. Goyer,2219
Joseph Mealey,2220
Jack Haley Jr.,2221
Yann Samuell,2222
Wallace Worsley,2223
Joe May,2224
Jehane Noujaim,2225
Erich von Stroheim,2226
Buster Keaton,2227
Charles Reisner,2228
Alan Crosland,2229
Alexander Hall,2230
Vincent Sherman,2231
Compton Bennett,2232
Laslo Benedek,2233
Mikio Naruse,2234
Kaneto Shindô,2235
Gillo Pontecorvo,2236
Bill Melendez,2237
Fred Coe,2238
Leslie H. Martinson,2239
Jirí Menzel,2240
Seijun Suzuki,2241
Frederick Wiseman,2242
René Goscinny,2243
Leonid Gaidai,2244
Donald Cammell,2245
Vladimir Motyl,2246
Enzo Barboni,2247
H.B. Halicki,2248
Barbara Kopple,2249
Cheh Chang,2250
Robert S. Fiveson,2251
Simon Jones,2252
Bruce Gowers,2253
Leos Carax,2254
John Korty,2255
Charles E. Sellier Jr.,2256
Megan Follows,2257
Jim Wheat,2258
Bertrand Tavernier,2259
Artur Barcis,2260
Don Jurwich,2261
Donald G. Jackson,2262
Richard Chamberlain,2263
Siu-Tung Ching,2264
Stephen Chiodo,2265
Colin Chilvers,2266
Étienne Chatiliez,2267
Richard Thomas,2268
Fax Bahr,2269
Ngai Choi Lam,2270
Helen Mirren,2271
Jing Wong,2272
Arnold Glassman,2273
Rolf de Heer,2274
Glenn Jordan,2275
Bradford May,2276
Tom Stern,2277
Patricia Wettig,2278
Markku Pölönen,2279
Tab Murphy,2280
Gisaburô Sugii,2281
Yoshifumi Kondô,2282
Diarmuid Lawrence,2283
Darrell Rooney,2284
Scott Spiegel,2285
Skip Woods,2286
Sam Neill,2287
Benny Chan,2288
Dave Payne,2289
Leslie Libman,2290
Turi Meyer,2291
Toshihiko Masuda,2292
Hideaki Anno,2293
Tony Silver,2294
Michel Ocelot,2295
Fatih Akin,2296
Jane Anderson,2297
Kimberly Williams-Paisley,2298
Jonathan Parker,2299
Curt Geda,2300
Ben Hopkins,2301
Sabu,2302
Alain Chabat,2303
Karen Disher,2304
Saul Metzstein,2305
Park Chan-wook,2306
Josef Fares,2307
Lynn Hershman Leeson,2308
Teddy Chan,2309
Jaume Balagueró,2310
Hiroyuki Kitakubo,2311
Mark Mylod,2312
Andrzej Sekula,2313
Jae-young Kwak,2314
Ulrich Seidl,2315
Michael Dowse,2316
Jean-Baptiste Andrea,2317
Lee Demarbre,2318
Sion Sono,2319
Bradley Raymond,2320
Lee Chang-dong,2321
Peter Chung,2322
Greg Marcks,2323
Olivier Dahan,2324
Kenta Fukasaku,2325
Hugo Rodríguez,2326
Emilia Fox,2327
Pen-Ek Ratanaruang,2328
Hiroyuki Morita,2329
Yôji Yamada,2330
Brett Sullivan,2331
Rob Lowe,2332
Mark Hamill,2333
Debra Granik,2334
Cédric Kahn,2335
Grant Harvey,2336
Phil Tippett,2337
Prachya Pinkaew,2338
Christophe Barratier,2339
Ryan Little,2340
Byambasuren Davaa,2341
Chris Kentis,2342
Ian Iqbal Rashid,2343
Andrey Zvyagintsev,2344
Matthew Vaughn,2345
Jacob Estes,2346
Dan Ollman,2347
Brad McGann,2348
Zana Briski,2349
Ondi Timoner,2350
William Arntz,2351
Kazuaki Kiriya,2352
Robert Greenwald,2353
Nicole Kassell,2354
Niels Mueller,2355
Shainee Gabel,2356
Jessica Yu,2357
Geoffrey Sax,2358
Walter Bernstein,2359
Malcolm Mowbray,2360
Joyce Chopra,2361
Dan Harris,2362
Shinji Aramaki,2363
Busby Berkeley,2364
Bong Joon Ho,2365
Jean-François Richet,2366
Mitch Rouse,2367
Jacques Becker,2368
James Yukich,2369
Ye Lou,2370
Shinji Takagi,2371
Vincent Kok,2372
Robert Shallcross,2373
Francis Lawrence,2374
Timur Bekmambetov,2375
Ondrej Trojan,2376
Manny Coto,2377
Nimród Antal,2378
Darren Grant,2379
Petra Epperlein,2380
Florent-Emilio Siri,2381
Paul Leni,2382
Paul Bogart,2383
Ernie Barbarash,2384
Jannik Johansen,2385
Joe Maggio,2386
Angela Robinson,2387
Zak Penn,2388
Christopher Browne,2389
Kihachi Okamoto,2390
Thomas Jahn,2391
King Hu,2392
Judy Irving,2393
Frank Miller,2394
Breck Eisner,2395
James William Guercio,2396
Frédéric Back,2397
Ettore Scola,2398
Gary Preisler,2399
Nicolas Gessner,2400
Norio Tsuruta,2401
Leontine Sagan,2402
Howard Morris,2403
Georges Méliès,2404
Larisa Shepitko,2405
Garth Jennings,2406
Andrew Douglas,2407
Bill Plympton,2408
Dennis Gansel,2409
Damon Dash,2410
Jeffrey W. Byrd,2411
Alex Gibney,2412
Jaume Collet-Serra,2413
Paul Haggis,2414
Mel Damski,2415
Manuel Gómez Pereira,2416
Toyoo Ashida,2417
Éléonore Faucher,2418
Robert Florey,2419
Thom Andersen,2420
Pietro Germi,2421
Marilyn Agrelo,2422
Alice Wu,2423
Don Argott,2424
Alexandre Aja,2425
Lawrence Jordan,2426
Michael McGowan,2427
David LaChapelle,2428
Miranda July,2429
Fruit Chan,2430
Hans Weingartner,2431
Luc Jacquet,2432
Jacques Audiard,2433
Henry Alex Rubin,2434
Craig Brewer,2435
Richard Stanley,2436
Alex De Rakoff,2437
Penn Jillette,2438
Silvio Narizzano,2439
Joss Whedon,2440
Arie Posin,2441
Phil Morrison,2442
Mike Bigelow,2443
Marcos Siega,2444
Joy Batchelor,2445
Judd Apatow,2446
Claude Zidi,2447
Gary Chapman,2448
Georgiy Daneliya,2449
Michael Showalter,2450
Bruce Hunt,2451
Jeff Wadlow,2452
Liev Schreiber,2453
Mike Mills,2454
Pete Michels,2455
Rob McKittrick,2456
Alain Jessua,2457
Gen Sekiguchi,2458
Robert Schwentke,2459
Scott Derrickson,2460
Lexi Alexander,2461
Tetsuya Nomura,2462
Dave McKean,2463
Steve Box,2464
Shane Black,2465
Hubert Sauper,2466
Mike Marvin,2467
John Gatins,2468
John Hillcoat,2469
Darren Lynn Bousman,2470
Sergio Castellitto,2471
Christian Carion,2472
William F. Claxton,2473
Hideo Gosha,2474
Stephen Gaghan,2475
Hannu Tuomainen,2476
Mikael Håfström,2477
Christopher Smith,2478
J. Michael Straczynski,2479
Joe Wright,2480
Greg McLean,2481
Jean-Marc Vallée,2482
Liam Lynch,2483
Laurence Dunmore,2484
Hany Abu-Assad,2485
Gérard Oury,2486
Tommy Lee Jones,2487
Susan Stroman,2488
Duncan Tucker,2489
Karel Kachyna,2490
Makoto Shinkai,2491
Heidi Ewing,2492
David Caffrey,2493
Pierre Morel,2494
Nicholaus Goossen,2495
James Gartner,2496
Cory Edwards,2497
Marc Rothemund,2498
Joachim Rønning,2499
Robert Markowitz,2500
Sanaa Hamri,2501
Ol Parker,2502
Matthew O'Callaghan,2503
Hunter Richards,2504
Aaron Seltzer,2505
Adam Rapp,2506
Jim Sonzero,2507
Carlos Saldanha,2508
James McTeigue,2509
Andy Fickman,2510
Jason Reitman,2511
Gavin Hood,2512
Brian Trenchard-Smith,2513
Elizabeth Allen Rosenbaum,2514
Rupert Murray,2515
Florian Henckel von Donnersmarck,2516
Liz Friedlander,2517
Jeff Feuerzeig,2518
Doug Atchison,2519
William Brent Bell,2520
Laís Bodanzky,2521
Rian Johnson,2522
Dave Parker,2523
Jake West,2524
Kirby Dick,2525
James Gunn,2526
Christian Volckman,2527
Dani Levy,2528
Neil Armfield,2529
Georg Wilhelm Pabst,2530
James Hanlon,2531
David Slade,2532
Steve 'Spaz' Williams,2533
Julian Jarrold,2534
J.J. Abrams,2535
Jessica Bendinger,2536
David Jacobson,2537
Tim Johnson,2538
Gaby Dellal,2539
Alejandro Agresti,2540
Chris Paine,2541
Caveh Zahedi,2542
Stephen Woolley,2543
Sam Dunn,2544
Mat Whitecross,2545
Billy Kent,2546
Jonathan Dayton,2547
Paul Dinello,2548
Patrick Creadon,2549
Gil Kenan,2550
Mark Neveldine,2551
Tony Giglio,2552
Anne Fletcher,2553
Masaaki Yuasa,2554
Ryan Fleck,2555
Emmanuel Carrère,2556
Steve Pink,2557
Neil Burger,2558
Bryan Barber,2559
Ericson Core,2560
Albert Lamorisse,2561
Alfred J. Goulding,2562
Maurizio Nichetti,2563
Jay Duplass,2564
Allen Coulter,2565
Laurie Collyer,2566
Alain Berbérian,2567
Eric Steel,2568
Hans Canosa,2569
Greg Coolidge,2570
Ryan Murphy,2571
John Bonito,2572
Sergey Vasilev,2573
John Gulager,2574
Amy Berg,2575
David Leaf,2576
Géla Babluani,2577
Gabriel Range,2578
David Bowers,2579
Bob Odenkirk,2580
David Ayer,2581
Edwin S. Porter,2582
Stefen Fangmeier,2583
Todd Stephens,2584
Darleen Asevedo,2585
Sylvain White,2586
Joe Nussbaum,2587
Michael Katleman,2588
Dave Meyers,2589
Gabor Csupo,2590
Frank Sebastiano,2591
Conor McMahon,2592
Adrienne Shelly,2593
Paul Almond,2594
Susannah Grant,2595
Katja von Garnier,2596
Jason Friedberg,2597
Billy Corben,2598
Olivier Assayas,2599
Simon Brand,2600
Armand Assante,2601
Michael Hegner,2602
Tyler Perry,2603
Robert Ben Garant,2604
Çagan Irmak,2605
Chris Gerolmo,2606
Richard Compton,2607
Maya Deren,2608
Nacho Cerdá,2609
Tom Vaughan,2610
Pierre Salvadori,2611
Mennan Yapo,2612
Sunu Gonera,2613
Martin Weisz,2614
Kevin Munroe,2615
Scott Frank,2616
Josh Gordon,2617
Paul Rachman,2618
Stephen J. Anderson,2619
Enzo G. Castellari,2620
Matt Maiellaro,2621
Jonathan Kasdan,2622
Steve Bendelack,2623
Harvey Glazer,2624
Kirk R. Thatcher,2625
Rob Stewart,2626
Jesse Peretz,2627
William Lustig,2628
Sarah Polley,2629
Stanley Nelson,2630
Chris Miller,2631
John Carney,2632
Peter Winther,2633
Nicholas Mastandrea,2634
Sean Ellis,2635
David Moreau,2636
Leander Haußmann,2637
Henning Schellerup,2638
Ash Brannon,2639
Andrew Currie,2640
Gilles Kepel,2641
David Yates,2642
Mark Fergus,2643
Jennifer Baichwal,2644
Akiva Schaffer,2645
David Silverman,2646
Chris Sivertson,2647
Jon Poll,2648
Micha X. Peled,2649
Guillaume Canet,2650
James Huth,2651
Doug Lefler,2652
Fred Savage,2653
Julie Delpy,2654
Seth Gordon,2655
Scott Glosserman,2656
John August,2657
Thomas Bangalter,2658
Hans-Christian Schmid,2659
Cristian Mungiu,2660
Charles Ferguson,2661
Rod Hardy,2662
Kern Konwiser,2663
Henriette Mantel,2664
Michael Arias,2665
Craig Gillespie,2666
Mark Helfrich,2667
Tony Gilroy,2668
Ben Affleck,2669
Bobby Moresco,2670
Anton Corbijn,2671
Vincent Paronnaud,2672
Robin Swicord,2673
Jonathan King,2674
Daniel G. Karslake,2675
Amir Bar-Lev,2676
M. Cahill,2677
Simon J. Smith,2678
Kirsten Sheridan,2679
Bruce Pittman,2680
J.M. Kenny,2681
Xavier Gens,2682
Joby Harold,2683
Dwayne Carey-Hill,2684
J.A. Bayona,2685
Joe Lynch,2686
James D. Scurlock,2687
Gary Hustwit,2688
Dario Piana,2689
Goran Dukic,2690
Colin Strause,2691
Heitor Dhalia,2692
Justin Theroux,2693
Aamir Khan,2694
Eran Kolirin,2695
Adam Green,2696
Haruki Kadokawa,2697
Tatsuo Satô,2698
Mamoru Hosoda,2699
David E. Talbert,2700
Fred Wolf,2701
David Bruckner,2702
Martin McDonagh,2703
Klaus Löwitsch,2704
Mitchell Lichtenstein,2705
Julian Gilbey,2706
Jieho Lee,2707
Adam Brooks,2708
Pete Travis,2709
Justin Chadwick,2710
Kent Alterman,2711
Jon M. Chu,2712
David Schwimmer,2713
Talia Lugacy,2714
Jimmy Hayward,2715
Stefan Ruzowitzky,2716
Sergei Bodrov,2717
Sean Fine,2718
Marco Schnabel,2719
Mark Palansky,2720
Paulo Morelli,2721
Peter Joseph,2722
Dave Bullock,2723
Ilmar Raag,2724
Isaac Florentine,2725
Noam Murro,2726
Xiaogang Feng,2727
Alexandre Bustillo,2728
Jennifer Flackett,2729
Carter Smith,2730
Nicholas Stoller,2731
Craig Mazin,2732
Jon Hurwitz,2733
Steve Barker,2734
Andy Hurst,2735
Michael Blieden,2736
John Jeffcoat,2737
Nathan Frankowski,2738
Michael McCullers,2739
Nelson McCormick,2740
Andrew Waller,2741
Alejandro Monteverde,2742
Jonah Markowitz,2743
Pratibha Parmar,2744
Gregory Wilson,2745
Michael Patrick King,2746
Bryan Bertino,2747
Chris Bell,2748
Jonathan Levine,2749
Koen Mortier,2750
James Glickenhaus,2751
Martin Gero,2752
Peter Avanzino,2753
Jay Lee,2754
Phyllida Lloyd,2755
Dany Boon,2756
Eric Brevig,2757
Noboru Iguchi,2758
Martin Wood,2759
Jeff Nichols,2760
Paul Soter,2761
Ric Roman Waugh,2762
James Marsh,2763
Chris Carter,2764
Marc Schölermann,2765
Rodrigo Plá,2766
Vladimir Bortko,2767
Courtney Hunt,2768
Yasuhiro Aoki,2769
Larry Bishop,2770
Dave Filoni,2771
Simon Hunter,2772
Ari Folman,2773
Tomas Alfredson,2774
Jeffrey Nachmanoff,2775
Tom Kuntz,2776
Paul Giamatti,2777
Eduardo Sánchez,2778
Frank Sudol,2779
Robert B. Weide,2780
Kazuya Tsurumaki,2781
Michael Roesch,2782
Saul Dibb,2783
Stuart Paton,2784
Charlie Kaufman,2785
Zooey Deschanel,2786
Mabrouk El Mechri,2787
Marco Kreuzpaintner,2788
Ben Browder,2789
David Hackl,2790
Sean Anders,2791
Pavel Lungin,2792
Toby Wilkins,2793
Byron Howard,2794
Tom Shankland,2795
Olivier Megaton,2796
Alex Kendrick,2797
Tony Leondis,2798
David Thewlis,2799
Steve McQueen,2800
Sophie Fiennes,2801
Masahiro Andô,2802
David Michael Latt,2803
Nic Balthazar,2804
Clark Gregg,2805
Richard Boden,2806
Kurt Kuenne,2807
Nick Moore,2808
Wilson Yip,2809
Shawn Ashmore,2810
Matt Vancil,2811
Sam Fell,2812
Stuart Townsend,2813
Nacho Vigalondo,2814
Patrick Tatopoulos,2815
Roland Mesa,2816
Steve Zacharias,2817
Charles Guard,2818
Howard McCain,2819
James Watkins,2820
Leila Conners,2821
Fuminori Kizaki,2822
Yôjirô Takita,2823
Bruce Campbell,2824
Hannes Stöhr,2825
Alec Baldwin,2826
Paolo Sorrentino,2827
Neil Patrick Harris,2828
Paul Andrew Williams,2829
Peter Cornwell,2830
Gregg Bishop,2831
Niels Arden Oplev,2832
Raman Hui,2833
Rob Letterman,2834
Joel Viertel,2835
Rob Schneider,2836
Sacha Gervasi,2837
Jody Hill,2838
Seth Grossman,2839
Armando Iannucci,2840
Tom Hooper,2841
Duncan Jones,2842
Cary Joji Fukunaga,2843
Sean McGinly,2844
Alastair Fothergill,2845
Jan Harlan,2846
Kyle Newman,2847
Timothy Linh Bui,2848
Tom Gustafson,2849
Éric Lartigau,2850
Seiji Mizushima,2851
Will Gluck,2852
David Moore,2853
Stephen Bradley,2854
Hal Haberman,2855
Tommy Wirkola,2856
Karey Kirkpatrick,2857
Cyrus Nowrasteh,2858
Laurie Lynd,2859
Eric Zala,2860
Yann Arthus-Bertrand,2861
Marc Webb,2862
Daniel DelPurgatorio,2863
LeVar Burton,2864
Hans Horn,2865
Jens Hoffmann,2866
Lynn Shelton,2867
Marcus Dunstan,2868
Neill Blomkamp,2869
Steve Shill,2870
Mack V. Wright,2871
Jemima Rooper,2872
Hiroshi Haraguchi,2873
Steven Schachter,2874
Neal Brennan,2875
Shamim Sarif,2876
Nicholas Jasenovec,2877
Zach Cregger,2878
Hoyt Yeatman,2879
Claudio Fragasso,2880
Cher,2881
Shane Acker,2882
Gareth Carrivick,2883
Lauren Montgomery,2884
Geoffrey O'Connor,2885
Juan Antonio Bardem,2886
Christian Alvart,2887
Grant Heslov,2888
Chris Bouchard,2889
Phil Lord,2890
Robert Kenner,2891
Oren Peli,2892
Louie Psihoyos,2893
Jamin Winans,2894
Tarik Saleh,2895
Michael Dougherty,2896
Ricky Gervais,2897
Drew Barrymore,2898
Ruben Fleischer,2899
Brett Simon,2900
Anne Fontaine,2901
Peter Billingsley,2902
Glenn McQuaid,2903
Anders Østergaard,2904
Felix van Groeningen,2905
Adam Elliot,2906
David Mackenzie,2907
Scott Mann,2908
Yakov Protazanov,2909
Christoph Lauenstein,2910
Kevin Greutert,2911
Scott Sanders,2912
Kwang-Hyun Park,2913
Peter Sohn,2914
Lee Daniels,2915
Bob Misiorowski,2916
Oren Moverman,2917
Daniel Monzón,2918
Dean Semler,2919
Roy Burdine,2920
David Soren,2921
Lenny Abrahamson,2922
Jorge Blanco,2923
Shaun Monson,2924
Tom Ford,2925
Frédéric Forestier,2926
J. Searle Dawley,2927
Caterina Scorsone,2928
Scott Cooper,2929
Daniel Alfredson,2930
James DeMonaco,2931
Armand Lohikoski,2932
Brian Hecker,2933
Na Hong-jin,2934
Larry Roemer,2935
Ron Oliver,2936
Rajkumar Hirani,2937
Bo Zenga,2938
Scott Stewart,2939
Vincent J. Donehue,2940
Víctor Erice,2941
Glenn Ficarra,2942
Ti West,2943
Adrian Shergold,2944
Tomm Moore,2945
Katherine Dieckmann,2946
Patrick Alessandrin,2947
Andy Bichlbaum,2948
Lixin Fan,2949
Aleksandr Seryy,2950
Tommy Wiseau,2951
Stéphane Aubier,2952
Jim Field Smith,2953
J.T. Petty,2954
Daniel Barber,2955
Paul Morrison,2956
Paolo Cavara,2957
Sebastian Gutierrez,2958
Miguel Sapochnik,2959
Kevin Heffernan,2960
Wolfgang Murnberger,2961
Saul Blinkoff,2962
Joonas Berghäll,2963
Javier Fesser,2964
Kevin Booth,2965
Floria Sigismondi,2966
Bernard Hill,2967
Thor Freudenthal,2968
Brett Harvey,2969
Steve Jacobs,2970
Julie Anne Robinson,2971
Tom Six,2972
Banksy,2973
Jorma Taccone,2974
Coline Serreau,2975
Ivan Engler,2976
Samuel Bayer,2977
Christopher Morris,2978
Aku Louhimies,2979
Gareth Evans,2980
Derek Cianfrance,2981
Rodrigo Cortés,2982
Jennifer Capraru,2983
Dominic Brigstocke,2984
Alan Poul,2985
Stuart Hazeldine,2986
Lee Unkrich,2987
Jac Schaeffer,2988
Michael Paul Stephenson,2989
Edith Becker,2990
Pierre Coffin,2991
Srdjan Spasojevic,2992
Brandon Vietti,2993
Lisa Barros D'Sa,2994
Aleksi Mäkelä,2995
Jeff Zimbalist,2996
Kieran Mulroney,2997
Philip Ridley,2998
Xavier Dolan,2999
Aaron Schneider,3000
Derrick Borte,3001
Daisuke Nishio,3002
Daniel Stamm,3003
Sergey Bodrov,3004
Yannick Dahan,3005
Ethan Maniquis,3006
Arto Halonen,3007
Casey Affleck,3008
Ella Lemhagen,3009
Anna Boden,3010
Colin Levy,3011
John Erick Dowdle,3012
Henry Joost,3013
Gareth Edwards,3014
Zoya Akhtar,3015
Quentin Dupieux,3016
Tim Hetherington,3017
Pascal Chaumeil,3018
Tom McGrath,3019
Paolo Virzì,3020
Nathan Greno,3021
Galt Niederhoffer,3022
Sean Byrne,3023
Ralf Huettner,3024
William Monahan,3025
Daniel Barnz,3026
Jalmari Helander,3027
Joseph Kosinski,3028
Richard J. Lewis,3029
John Wells,3030
Sheng Ding,3031
Ilisa Barbash,3032
Steve Antin,3033
Hiromasa Yonebayashi,3034
Eli Craig,3035
Sngmoo Lee,3036
Hélène Cattet,3037
Fred Cavayé,3038
Teddy Newton,3039
Jeff Malmberg,3040
Irving Cummings,3041
Masayuki,3042
Icíar Bollaín,3043
Steven R. Monroe,3044
Brad Furman,3045
Sam Liu,3046
Lee Hae-jun,3047
Peter Newbrook,3048
Romola Garai,3049
Tetsuya Nakashima,3050
George Nolfi,3051
Andy Sidaris,3052
André Øvredal,3053
Phil Traill,3054
Angus MacLane,3055
Asif Kapadia,3056
Peter Shin,3057
Jason Eisener,3058
Taika Waititi,3059
Kirill Serebrennikov,3060
Malcolm Venville,3061
Paco Plaza,3062
James Burke,3063
Greg Ford,3064
Michael Madsen,3065
Matt Harlock,3066
Jason Winer,3067
Paul Johansson,3068
Steven J. Santos,3069
Kate Winslet,3070
Michael Mayhew,3071
Keith Scholey,3072
Emma Cooper,3073
Lee Jeong-beom,3074
Alex Merkin,3075
Christian E. Christiansen,3076
Joe Cornish,3077
Jennifer Yuh Nelson,3078
Richard Ayoade,3079
Elijah Drenner,3080
Dan Rush,3081
Albert Dupontel,3082
John Luessenhop,3083
Toe Yuen,3084
Abhinay Deo,3085
Vanessa Gould,3086
Danny O'Connor,3087
John Michael McDonagh,3088
Emilio Aragón,3089
Elliott Lester,3090
Roel Reiné,3091
Azazel Jacobs,3092
Rupert Wyatt,3093
Tate Taylor,3094
Jean Becker,3095
Steven Quale,3096
Todd Strauss-Schulson,3097
Troy Nixey,3098
Mike Cahill,3099
Spencer Susser,3100
Jim Mickle,3101
Richard Press,3102
James Nguyen,3103
Gilles Paquet-Brenner,3104
Ben Palmer,3105
Robert Hughes,3106
Jon Jones,3107
Asghar Farhadi,3108
Ben Wheatley,3109
Gary McKendry,3110
Evan Glodell,3111
Michel Hazanavicius,3112
Victor Ginzburg,3113
Ruairi Robinson,3114
Jacqueline Audry,3115
Shawn Ku,3116
Matthijs van Heijningen Jr.,3117
Sean Durkin,3118
Paddy Considine,3119
James Dodson,3120
J.C. Chandor,3121
Adam Kassen,3122
Morten Tyldum,3123
Jennifer Siebel Newsom,3124
Michael Brandt,3125
Céline Sciamma,3126
Chris Atkins,3127
Peter Hammond,3128
Drake Doremus,3129
James Bobin,3130
Gary Rydstrom,3131
Valeriy Todorovskiy,3132
Guy Moshe,3133
Marc Fienberg,3134
Stefan Fjeldmark,3135
Gerhard Hahn,3136
Geoffrey Fletcher,3137
Sarah Smith,3138
Ralph Fiennes,3139
Chris Gorak,3140
Henry Cass,3141
George Ratliff,3142
Jennifer Westfeldt,3143
Johan van der Keuken,3144
Constance Marks,3145
Niall MacCormick,3146
D. Kerry Prior,3147
Måns Mårlind,3148
Asger Leth,3149
Philip Martin,3150
Larysa Kondracki,3151
Michael Glawogger,3152
Gonzalo López-Gallego,3153
Anthony Hemingway,3154
Olivier Nakache,3155
Colin Minihan,3156
Kimio Yabuki,3157
Josh Trank,3158
Detlev Buck,3159
Gavin Wiesen,3160
Adam Curtis,3161
Michael Matheson,3162
Daniel Espinosa,3163
Michael Sucsy,3164
Philippe Falardeau,3165
Jamie Travis,3166
David M. Rosenthal,3167
Brad Peyton,3168
Joseph V. Mascelli,3169
Olli Saarela,3170
Darren Criss,3171
Matt Lang,3172
Abram Cox,3173
David McCullough,3174
Philippe Le Guay,3175
Christopher Ray,3176
Patrick Hughes,3177
Nima Nourizadeh,3178
Chris Renaud,3179
Mike Clattenburg,3180
Mike McCoy,3181
Matthew Chapman,3182
James Mather,3183
Justin Kurzel,3184
David Gelb,3185
Timo Vuorensola,3186
Mike Flanagan,3187
Drew Goddard,3188
Daniela Denby-Ashe,3189
Tony Krantz,3190
Lee Hirsch,3191
Tanya Wexler,3192
Victor Cook,3193
Spencer Gordon Bennet,3194
Aimee Lagos,3195
Sheree Folkson,3196
Shimit Amin,3197
Rupert Sanders,3198
Zal Batmanglij,3199
Kike Maíllo,3200
Nicholas McCarthy,3201
Adrian Grunberg,3202
Colin Trevorrow,3203
Kazuhisa Takenouchi,3204
Andrew Knight,3205
Mark Andrews,3206
Tom Ellery,3207
Bess Kargman,3208
Doug Sweetland,3209
Lorene Scafaria,3210
Seth MacFarlane,3211
Mitsuo Hashimoto,3212
Hadi Hajaig,3213
Shigeyasu Yamauchi,3214
Yoshihiro Ueda,3215
Steve Martino,3216
Benh Zeitlin,3217
Kerry Beyer,3218
Nick Love,3219
Jan Pinkava,3220
Jack Perez,3221
Barnaby Kay,3222
Michael Kruzan,3223
Don E. FauntLeRoy,3224
Ralph Eggleston,3225
Paolo Genovese,3226
Osamu Kasai,3227
Gustavo Taretto,3228
Francesco Rosi,3229
Gabe Torres,3230
Lauren Greenfield,3231
Chris Butler,3232
Rufus Norris,3233
Arthur Bradford,3234
Malik Bendjelloul,3235
Josh Stolberg,3236
Brian Klugman,3237
Jason Moore,3238
Chris Bailey,3239
Jake Schreier,3240
Daryl Wein,3241
Matt Bettinelli-Olpin,3242
Stephen Chbosky,3243
Mark Tonderai,3244
Frédéric Beigbeder,3245
Pascal Laugier,3246
Lisa Azuelos,3247
Michael Matessino,3248
Genndy Tartakovsky,3249
Christopher Kenneally,3250
Josh Radnor,3251
Aaron Harvey,3252
Laurent Tirard,3253
Javier Soto,3254
M.J. Bassett,3255
Ben Lewin,3256
Bart Layton,3257
James Ponsoldt,3258
Rich Moore,3259
RZA,3260
Jay Oliva,3261
Lisanne Pajot,3262
Todd Rohal,3263
Jamie Linden,3264
Dan Bradley,3265
Peter Ramsey,3266
Crispian Mills,3267
John Kahrs,3268
Chi-Hwa Chen,3269
Gorô Miyazaki,3270
Takeshi Koike,3271
Bill Jones,3272
Scott Culver,3273
David Barrett,3274
Dirk Campbell,3275
Norman Apstein,3276
Matt Cooper,3277
Gérard Depardieu,3278
Gauri Shinde,3279
Yoshihiro Nakamura,3280
Ariel Vromen,3281
Don Hertzfeldt,3282
Stevan Riley,3283
Madeleine Olnek,3284
Daniel Cohen,3285
John Hurt,3286
Elizabeth Banks,3287
Jaime Eliezer Karas,3288
Phil Dorling,3289
Miguel Gomes,3290
Juan Solanas,3291
Craig Viveiros,3292
Gerald Kargl,3293
Fisher Stevens,3294
Kaare Andrews,3295
Jon Lucas,3296
Joshua Oppenheimer,3297
David Attenborough,3298
John Hyams,3299
Cal Brunker,3300
Jan-Ole Gerster,3301
Haifaa Al-Mansour,3302
Andreas Prochaska,3303
Kirk DeMicco,3304
Don Scardino,3305
Yasuomi Umetsu,3306
Ramaa Mosley,3307
Fede Alvarez,3308
Patrick Archibald,3309
Jon Wright,3310
Justin Benson,3311
Evan Goldberg,3312
Craig Zisk,3313
Chris Bould,3314
David A. Armstrong,3315
Aram Rappaport,3316
Luke Meyer,3317
Rod Holcomb,3318
Wang Bing,3319
Ivan Nagy,3320
Jonas Mekas,3321
Terry Dougas,3322
Daniel Krige,3323
Nat Faxon,3324
Jordan Vogt-Roberts,3325
Paul Middleditch,3326
Morgan Neville,3327
Dan Scanlon,3328
Matthias Schweighöfer,3329
Kazuya Murata,3330
Peter Templeman,3331
Franck Khalfoun,3332
Jon Burton,3333
Steven Knight,3334
Simon Barrett,3335
Jesse Lawrence,3336
Liz W. Garcia,3337
Anthony C. Ferrante,3338
Jay Chapman,3339
Josh Boone,3340
Ryan Coogler,3341
Joe Swanberg,3342
Brad Copeland,3343
Chadd Harbold,3344
T. Fikret Uçak,3345
Declan Lowney,3346
Keanu Reeves,3347
Klay Hall,3348
Gabriela Cowperthwaite,3349
Joshua Michael Stern,3350
Lake Bell,3351
Adam Wingard,3352
Jordan Brady,3353
Roman Kachanov,3354
John Mitchell,3355
Jerusha Hess,3356
Destin Daniel Cretton,3357
Maggie Carey,3358
Ruba Nadda,3359
Joseph Gordon-Levitt,3360
Sebastián Silva,3361
Jacob Vaughan,3362
Abdellatif Kechiche,3363
Cody Cameron,3364
Paul Sabella,3365
Jon S. Baird,3366
Randy Moore,3367
Brian Spitz,3368
Clio Barnard,3369
Brian Percival,3370
Ken Scott,3371
Carl Rinsch,3372
Fredrik Bond,3373
Alex Karpovsky,3374
Mahiro Maeda,3375
Teller,3376
Moira Armstrong,3377
Kazuo Ikehiro,3378
Ed Herzog,3379
Leonid Bykov,3380
Natalya Guseva,3381
Bora Dagtekin,3382
John Stalberg Jr.,3383
David Mallet,3384
Charles Correll,3385
Reshef Levi,3386
Masahiro Hosoda,3387
Ben Nott,3388
Stuart Beattie,3389
Geoff Moore,3390
Jonathan Sobol,3391
Chris Nelson,3392
Akiva Goldsman,3393
David Charhon,3394
Brett Whitcomb,3395
Tze Chun,3396
Merzak Allouache,3397
Rob Pearlstein,3398
Terence Nance,3399
Tom Gormican,3400
Rob Meltzer,3401
Ignacio Ferreras,3402
Mark Levinson,3403
David Grovic,3404
Scott Waugh,3405
Rob Thomas,3406
Jason Bateman,3407
Christopher Spencer,3408
Emilio Martínez Lázaro,3409
Peter Lepeniotis,3410
Valve,3411
Harold Cronk,3412
Tyler Measom,3413
John Turturro,3414
BJ McDonnell,3415
Wally Pfister,3416
Michael Tiddes,3417
Camille Delamarre,3418
Andrew Erwin,3419
Derek Lee,3420
Jeremy Saulnier,3421
Robert Stromberg,3422
Jordan Rubin,3423
Adam Rodgers,3424
Christian T. Petersen,3425
John Ridley,3426
Craig Moss,3427
Hong Khaou,3428
Brian Knappenberger,3429
Valeria Golino,3430
Bobs Gannaway,3431
Ben Falcone,3432
Keiichi Hara,3433
Jennifer Kent,3434
Damien Chazelle,3435
William Eubank,3436
Jeff Baena,3437
Matthew Saville,3438
Gerard Johnstone,3439
Quentin Lee,3440
Zachary Donohue,3441
Richie Mehta,3442
Jenée LaMarque,3443
Damon Beesley,3444
James Ward Byrkit,3445
Charlie McDowell,3446
Leigh Janiak,3447
Iain Forsyth,3448
Michaël R. Roskam,3449
Craig Johnson,3450
Aaron Rose,3451
Wes Ball,3452
Peter Sattler,3453
Saul Gilbert,3454
Diego Luna,3455
Baran bo Odar,3456
Max Nichols,3457
Gabe Ibáñez,3458
Gary Shore,3459
Manuel Sicilia,3460
Jemaine Clement,3461
Chad Stahelski,3462
Kristian Levring,3463
Theodore Melfi,3464
Don Hall,3465
Dan Gilroy,3466
Christian Ditter,3467
Jorge R. Gutiérrez,3468
Alex Garland,3469
Bradley King,3470
Mark Raso,3471
Laurent Witz,3472
Arnold Schwarzenegger,3473
Volker Bruch,3474
Chao-Bin Su,3475
Jérôme Salle,3476
Zaza Urushadze,3477
Susanna Fogel,3478
Steffen Haars,3479
Fedor Bondarchuk,3480
Grigoriy Aleksandrov,3481
Giddens Ko,3482
Brett Pierce,3483
William H. Macy,3484
Isaac Feder,3485
Damián Szifron,3486
Damian Lee,3487
Iwao Takamoto,3488
Peter Glanz,3489
Karen Leigh Hopkins,3490
Casper Kelly,3491
Jamie Payne,3492
Orlando von Einsiedel,3493
Stephen Merchant,3494
Laura Poitras,3495
Louis Clichy,3496
Ricky Blitt,3497
John Paragon,3498
Antoine Delesvaux,3499
Yann Demange,3500
Paul King,3501
Richard Glatzer,3502
Marjane Satrapi,3503
Karen Shakhnazarov,3504
Nadav Schirman,3505
James Mottern,3506
Neri Parenti,3507
Tony Mahony,3508
Ava DuVernay,3509
Angelina Jolie,3510
Justin Reardon,3511
Ralf Christensen,3512
Ana Lily Amirpour,3513
Nae Caranfil,3514
Spike Brandt,3515
Brenton Spencer,3516
David Storey,3517
Sergio Martino,3518
Tristram Shapeero,3519
Takahiro Ômori,3520
Yuriy Bykov,3521
Juliano Ribeiro Salgado,3522
Lev Kuleshov,3523
Ryan Polito,3524
Julius Avery,3525
Jason Woliner,3526
Jang Jin,3527
Brian Mills,3528
Adrien Brody,3529
Robert Vince,3530
Jeff Franklin,3531
Jim Kammerud,3532
Peter Strickland,3533
David Robert Mitchell,3534
Gabe Polsky,3535
Gerald Thomas,3536
Alfonso Gomez-Rejon,3537
Shannon Hartman,3538
Jeff Fisher,3539
Manny Rodriguez,3540
Audu Paden,3541
Kate Ashfield,3542
Mark Young,3543
Sam Irvin,3544
Leigh Whannell,3545
Tim Miller,3546
Jon Watts,3547
Noel Nosseck,3548
John Moffitt,3549
Frank Launder,3550
Joey Figueroa,3551
Andrés G. Schaer,3552
Saul Bass,3553
Edward Nassour,3554
Sam Taylor-Johnson,3555
Joanna Romersa,3556
Yuri Norstein,3557
Lamberto Bava,3558
Lidiya Ishimbaeva,3559
Sarik Andreasyan,3560
James Badge Dale,3561
Ari Sandel,3562
Joan Espinach,3563
Dean Israelite,3564
Mora Stephens,3565
Rupert Goold,3566
Brett Morgen,3567
Mark Cousins,3568
Liz Garbus,3569
Mia Hansen-Løve,3570
Andrew Mogel,3571
Patrick Brice,3572
Kyle Patrick Alvarez,3573
Erik Van Looy,3574
Brian A. Miller,3575
Dominic Polcino,3576
Mario Siciliano,3577
Jeremy Garelick,3578
Kiah Roache-Turner,3579
Sebastian Schipper,3580
Colin Teague,3581
Keith Truesdell,3582
Heddy Honigmann,3583
Noël Burch,3584
Thom Fitzgerald,3585
Dean Cundey,3586
Tony Craig,3587
Peter Richardson,3588
Kyungmin Woo,3589
Claudio Fäh,3590
Matthew A. Brown,3591
Louis D'Esposito,3592
Rocco Urbisci,3593
Daniel Benmayor,3594
Masahiko Murata,3595
Felix Fuchssteiner,3596
Thomas Gilou,3597
Chris Prynoski,3598
Nikolay Lebedev,3599
Etan Cohen,3600
Damon Gameau,3601
Leon Joosen,3602
Dmitriy Dyachenko,3603
Kriv Stenders,3604
Greg Francis,3605
Paul Schneider,3606
Mark Burton,3607
Robert Durst,3608
Benjamin Guedj,3609
Simon Curtis,3610
David Wechter,3611
Gren Wells,3612
Eleanor Bergstein,3613
Joel Potrykus,3614
John-Paul Davidson,3615
Mélanie Laurent,3616
Alexandra Kondracke,3617
Jim Weedon,3618
Luke Matheny,3619
Dan Fogelman,3620
Shira Piven,3621
Aleksander Bach,3622
Judd Ehrlich,3623
Evgeniy Shelyakin,3624
Ariel Kleiman,3625
Shane Abbess,3626
Courteney Cox,3627
Yorgos Lanthimos,3628
Alonso Ruizpalacios,3629
Henry Hobson,3630
John Maclean,3631
Wan Laiming,3632
Victor Levin,3633
Aleksandr Petrov,3634
Fouad Mikati,3635
Oleg Fomin,3636
David Sandberg,3637
Jill Bauer,3638
Mark Zakharov,3639
Neeraj Vora,3640
Randall Lobb,3641
Doug Ellin,3642
Adam Goldberg,3643
Javier Ruiz Caldera,3644
Crystal Moselle,3645
Bill Pohlad,3646
Steve Binder,3647
Kazuyoshi Fuseki,3648
Rohit Shetty,3649
John Little,3650
Kyle Balda,3651
Ezio Greggio,3652
Osamu Dezaki,3653
Joseph Francis,3654
Christopher Berkeley,3655
Scott Jeralds,3656
Heather A. Maxwell,3657
Ray Patterson,3658
Leslie Small,3659
Rob Dipple,3660
Brandon Trost,3661
John Francis Daley,3662
Scot Armstrong,3663
Terry Jastrow,3664
Stefan Holtz,3665
Holger Haase,3666
Michael Tuchner,3667
Yannis Smaragdis,3668
Howard Avedis,3669
Dante Lam,3670
Al Adamson,3671
Gregory Jacobs,3672
Tadayoshi Yamamuro,3673
Millie Loredo,3674
Jake Szymanski,3675
Giorgio Diritti,3676
Jennifer Finnigan,3677
Travis Cluff,3678
Patrick Osborne,3679
David Cherkasskiy,3680
Kitarô Kôsaka,3681
Takashi Okazaki,3682
Venkat Prabhu,3683
Toby Genkel,3684
Chris Evans,3685
Severin Fiala,3686
Michael C. Martin,3687
Duke Johnson,3688
Florian Gallenberger,3689
Atsushi Takeuchi,3690
James Moran,3691
Fred Olen Ray,3692
Austin Stark,3693
Joel Edgerton,3694
Will Slocombe,3695
Robert Eggers,3696
Graeme Harper,3697
Segundo de Chomón,3698
Guy Nicolucci,3699
Sergey Mokritskiy,3700
Peter Krause,3701
Sean Baker,3702
Shozin Fukui,3703
Sarah Gavron,3704
Christopher Landon,3705
Sarah-Violet Bliss,3706
Jason Lapeyre,3707
François Simard,3708
Jason Howden,3709
Jonathan Milott,3710
Andrey Mironov,3711
Francesco Prosperi,3712
Brian James O'Connell,3713
Darren Doane,3714
Leo Riley,3715
Daniel Maze,3716
Ilya Naishuller,3717
Gérard Bitton,3718
Anthony DiBlasi,3719
Priyadarshan,3720
Reg Traviss,3721
Paul Hoen,3722
Justin Trefgarne,3723
Tony McNamara,3724
Leste Chen,3725
Martin Owen,3726
Jerry Rothwell,3727
David Wnendt,3728
Grant Baldwin,3729
Sang-il Lee,3730
Christoffer Boe,3731
Robbie Pickering,3732
S. Craig Zahler,3733
Raul Garcia,3734
Sebastian Dehnhardt,3735
Craig Shapiro,3736
Peter Fonda,3737
Scott Hartford-Davis,3738
Peter Landesman,3739
Elvis Restaino,3740
Vasiliy Livanov,3741
Alla Surikova,3742
Yash Chopra,3743
Lev L. Spiro,3744
Tom Owens,3745
Michael Thurmeier,3746
Afonso Poyart,3747
Samantha Futerman,3748
Trey Nelson,3749
Yuriy Chulyukin,3750
Igor Maslennikov,3751
Paul Wilmshurst,3752
Farren Blackburn,3753
Toby Haynes,3754
James Strong,3755
Andy Goddard,3756
Euros Lyn,3757
Miklós Jancsó,3758
Kent Jones,3759
J Blakeson,3760
James Vanderbilt,3761
Craig Roberts,3762
Onur Tukel,3763
Rhys Thomas,3764
Douglas Barr,3765
Atsushi Takahashi,3766
Curtis Harrington,3767
Jason Krawczyk,3768
Clive A. Smith,3769
Josh Bear,3770
Terry Ingram,3771
Alessandro Carloni,3772
Bryan Lefler,3773
In-ho Hwang,3774
Adam Alleca,3775
Keith Parmer,3776
Douglas Mackinnon,3777
Antoine Bardou-Jacquet,3778
Cyril Dion,3779
Dexter Fletcher,3780
Danny Bilson,3781
Gee Malik Linton,3782
Oliver Thompson,3783
Stephen Fingleton,3784
Dan Mazer,3785
Poul Bang,3786
Peter D. Hutchison,3787
Tetsurô Araki,3788
Vladimir Popov,3789
Thomas Kail,3790
Ciro Guerra,3791
Dan Trachtenberg,3792
Babak Najafi,3793
Jonás Cuarón,3794
Norman Cohen,3795
Piero Messina,3796
Paul Dano,3797
Roxanne Benjamin,3798
Bradley Cox,3799
Uros Stojanovic,3800
Oldrich Lipský,3801
Annika Iltis,3802
François Ruffin,3803
Lars Jessen,3804
Josh C. Waller,3805
Jukka Virtanen,3806
Paco Cabezas,3807
Gabriel Mascaro,3808
Peter Atencio,3809
Max Landis,3810
Ricardo Curtis,3811
Pedro Morelli,3812
Cedric Nicolas-Troyan,3813
Alex Brewer,3814
Paul Wheeler,3815
Christoph Schlingensief,3816
Matt Brown,3817
Charles B. Griffith,3818
Clay Kaytis,3819
Hitoshi Ône,3820
Max Adams,3821
Hiroshi Negishi,3822
Yôichi Fujita,3823
Matt Wilde,3824
Lee Ho-jae,3825
Don Michael Paul,3826
Daniel Haller,3827
Conrad Vernon,3828
John Dower,3829
Kazuhiko Yamaguchi,3830
Steven Gomez,3831
Monika Mitchell,3832
Matt Ross,3833
Maren Ade,3834
Mikhail Grigorev,3835
Daniel Kwan,3836
Joe D'Amato,3837
Dave Green,3838
Rob Burnett,3839
David Kerr,3840
Inessa Kovalevskaya,3841
Bo Burnham,3842
Sigourney Weaver,3843
Siu-Hung Leung,3844
Ezra Edelman,3845
Michael Grandage,3846
Jack Lee,3847
Michael Walker,3848
David F. Sandberg,3849
David Lowery,3850
James Schamus,3851
Andrew Neel,3852
Steven C. Miller,3853
Alan Barillaro,3854
Pamela Romanowsky,3855
Michael Dudok de Wit,3856
Jeffrey G. Hunt,3857
Hiroki Yamaguchi,3858
Thomas Borch Nielsen,3859
Christian Sesma,3860
Takeshi Nozue,3861
Dan Berk,3862
Kelly Fremon Craig,3863
Yeon Sang-ho,3864
Barry Jenkins,3865
Travis Knight,3866
Tatsuya Oishi,3867
Daniel Ragussis,3868
Kanji Wakabayashi,3869
Fyodor Khitruk,3870
Cecilia Aranovich,3871
Alex Coletti,3872
Katie Krentz,3873
Tony Elliott,3874
Jay Martin,3875
Colm McCarthy,3876
Rod Blackhurst,3877
Andrew Bush,3878
Emilis Velyvis,3879
Anthony Giordano,3880
Roger Mainwood,3881
Garth Davis,3882
Michael J. Gallagher,3883
Konstantin Bronzit,3884
Julien Rambaldi,3885
Boris Stepantsev,3886
Taichi Ishidate,3887
Anna Foerster,3888
Wayne Berwick,3889
Richie Keen,3890
Hank Rogerson,3891
Chris McKay,3892
Oksana Karas,3893
Yukihiro Miyamoto,3894
Jeannie Gaffigan,3895
Jordan Peele,3896
Jim O'Hanlon,3897
Charles Burmeister,3898
Luca Guadagnino,3899
Dee Rees,3900
Beyoncé,3901
Anne Hamilton,3902
Jeremy Gillespie,3903
Steve Wang,3904
Sarah Adina Smith,3905
Brad Turner,3906
Will Meugniot,3907
Dax Shepard,3908
Aleksandr Tatarskiy,3909
Scott Grimes,3910
Eduard Nazarov,3911
Alex Kurtzman,3912
Ted Braun,3913
Trey Edward Shults,3914
Brian Fee,3915
Nick Guthe,3916
Brett Haley,3917
Ann Druyan,3918
Mamoru Miyano,3919
Albert Serra,3920
Marty Callner,3921
Lucia Aniello,3922
Vlad Yudin,3923
Léa Fazer,3924
Don Barnhart,3925
Maria Schrader,3926
Gregory Mosher,3927
Jordan Schlansky,3928
Dylan Bank,3929
Aleksey Ptitsyn,3930
Zinoviy Gerdt,3931
Sara Taksler,3932
Roman Davydov,3933
Andrew R. Jones,3934
Ruben Östlund,3935
David Michôd,3936
Kyoko Miyake,3937
Liz Plonka,3938
Johan Grimonprez,3939
Mathieu Ratthe,3940
Robert Sahakyants,3941
Simon Dixon,3942
Ted Danson,3943
David Leitch,3944
Carl Tibbetts,3945
Jay Baruchel,3946
Eiichi Yamamoto,3947
Ben O'Brien,3948
Michael John Warren,3949
Benny Safdie,3950
Luigi Comencini,3951
Andrew Jay Cohen,3952
Nikolaj Arcel,3953
Andy Muschietti,3954
Mikhail Kamenetskiy,3955
Leonid Nosyrev,3956
Taylor Sheridan,3957
Scott Moran,3958
Erica Hayes,3959
Claude Faraldo,3960
Christian Krönes,3961
Julian Radlmaier,3962
Erich Neuberg,3963
Todd Grimes,3964
Eric Abrams,3965
Bryan Fogel,3966
Doug Aitken,3967
Gerald Rascionato,3968
Rob Meyer,3969
Dean Devlin,3970
Tomohiko Itô,3971
Maz Jobrani,3972
Greta Gerwig,3973
Alexsiya Flora,3974
Ray Yeung,3975
Chris Moukarbel,3976
Luke Scott,3977
DK Welchman,3978
Dane Cook,3979
Aaron Sorkin,3980
Rebecca De Mornay,3981
James Franco,3982
Loretta Walz,3983
Michael Gracey,3984
Brian Klein,3985
Josh Greenbaum,3986
Cal Dalton,3987
Ben Hardaway,3988
Robert Clampett,3989
Scott Ellis,3990
Donatella Maiorca,3991
Jonathan Olshefski,3992
Adam Robitel,3993
David Burton Morris,3994
Dito Montiel,3995
Greg Aronowitz,3996
Julius Onah,3997
Steven Avery,3998
Roar Uthaug,3999
Marcos Carnevale,4000
Fumihiko Sori,4001
Lance Bangs,4002
John Krasinski,4003
Anders Walter,4004
Kyle Newacheck,4005
Steven S. DeKnight,4006
Kay Cannon,4007
Boots Riley,4008
Jeff Tomsic,4009
Shana Feste,4010
Laura Fairrie,4011
Director X,4012
Brett Kelly,4013
Viktor Chouchkov,4014
João Nicolau,4015
Stuart Miller,4016
Carolina Jabor,4017
Yûichi Fukuda,4018
Shinji Takamatsu,4019
Tatsuyuki Nagai,4020
Takahiko Kyôgoku,4021
Keisuke Yoshida,4022
Stewart Bailey,4023
Atsuko Ishizuka,4024
Noriyuki Abe,4025
Takuya Igarashi,4026
Jay Dubin,4027
